word,year_month,n,total,tf,idf,tf_idf
врач_noun,2017-01,270,17707,0.015248206923815441,0.5645298027378517,0.008608067246807476
больница_noun,2017-01,190,17707,0.010730219687129384,0.6931471805599453,0.007437621522922551
грипп_noun,2017-01,114,17707,0.00643813181227763,1.128465251817791,0.007265208036778006
ребенок_noun,2017-01,224,17707,0.012650364262720959,0.4818380868927384,0.006095427314845733
медицинский_adj,2017-01,168,17707,0.009487773197040719,0.6176396280518002,0.0058600247084600685
врач_noun,2017-02,118,8433,0.013992647930748251,0.5645298027378517,0.007899266776125518
больница_noun,2017-02,93,8433,0.011028103877623622,0.6931471805599453,0.007644099109697013
ребенок_noun,2017-02,118,8433,0.013992647930748251,0.4818380868927384,0.006742190709515372
медицинский_adj,2017-02,76,8433,0.009012213921498874,0.6176396280518002,0.0055663004543978194
год_noun,2017-02,134,8433,0.015889956124748014,0.29423947299793995,0.004675452316106244
врач_noun,2017-03,188,10304,0.018245341614906832,0.5645298027378517,0.010300039102748071
больница_noun,2017-03,133,10304,0.012907608695652174,0.6931471805599453,0.008946872575162338
ребенок_noun,2017-03,133,10304,0.012907608695652174,0.4818380868927384,0.006219377480273118
медицинский_adj,2017-03,77,10304,0.007472826086956522,0.6176396280518002,0.0046155135248436155
помощь_noun,2017-03,70,10304,0.006793478260869565,0.6546808997321493,0.004447560460136883
врач_noun,2017-04,111,6810,0.01629955947136564,0.5645298027378517,0.009201587093083927
больница_noun,2017-04,75,6810,0.011013215859030838,0.6931471805599453,0.007633779521585301
ребенок_noun,2017-04,91,6810,0.013362701908957416,0.4818380868927384,0.006438658723529984
девочка_noun,2017-04,62,6810,0.009104258443465492,0.6737290947028437,0.006133803799056727
операция_noun,2017-04,116,6810,0.017033773861967694,0.32090772008010127,0.005466269534404074
врач_noun,2017-05,152,9001,0.016887012554160648,0.5645298027378517,0.009533221866031935
ребенок_noun,2017-05,167,9001,0.018553494056215977,0.4818380868927384,0.0089397800812229
больница_noun,2017-05,96,9001,0.010665481613154094,0.6931471805599453,0.007392748509471698
детский_adj,2017-05,60,9001,0.006665926008221309,0.7331525151736445,0.004887140418888865
областной_adj,2017-05,50,9001,0.005554938340184424,0.7331525151736445,0.004072617015740721
врач_noun,2017-06,178,13524,0.013161786453711919,0.5645298027378517,0.007430220710391718
больница_noun,2017-06,102,13524,0.0075421472937000885,0.6931471805599453,0.005227818131996038
дана_noun,2017-06,14,13524,0.0010351966873706005,4.624972813284271,0.004787756535490964
орган_noun,2017-06,85,13524,0.006285122744750074,0.6737290947028437,0.004234470056916719
медицинский_adj,2017-06,89,13524,0.006580893226855959,0.6176396280518002,0.004064620444883925
больница_noun,2017-07,138,12300,0.01121951219512195,0.6931471805599453,0.007776773245306703
врач_noun,2017-07,155,12300,0.012601626016260163,0.5645298027378517,0.00711399344913553
ребенок_noun,2017-07,157,12300,0.012764227642276423,0.4818380868927384,0.00615029102781788
переливание_noun,2017-07,48,12300,0.003902439024390244,1.292768303109067,0.005044949475547579
девочка_noun,2017-07,91,12300,0.007398373983739838,0.6737290947028437,0.0049844998063381125
врач_noun,2017-08,168,9177,0.018306636155606407,0.5645298027378517,0.01033464169771811
ребенок_noun,2017-08,132,9177,0.014383785550833606,0.4818380868927384,0.006930655712089078
самолет_noun,2017-08,46,9177,0.005012531328320802,1.329135947279942,0.006662335575338055
авиакатастрофа_noun,2017-08,20,9177,0.0021793614470960007,2.6790626642289577,0.005838645884774889
помощь_noun,2017-08,79,9177,0.008608477716029203,0.6546808997321493,0.005635805936454156
врач_noun,2017-09,160,13897,0.011513276246671944,0.5645298027378517,0.006499587568400106
ребенок_noun,2017-09,159,13897,0.011441318270130243,0.4818380868927384,0.005512862906810492
больница_noun,2017-09,104,13897,0.007483629560336763,0.6931471805599453,0.00518725673010249
медицинский_adj,2017-09,112,13897,0.00805929337267036,0.6176396280518002,0.004977738961056459
трамвай_noun,2017-09,13,13897,9.354536950420954e-4,4.624972813284271,0.0043264479076560065
врач_noun,2017-10,297,16740,0.017741935483870968,0.5645298027378517,0.01001585133889737
больница_noun,2017-10,186,16740,0.011111111111111112,0.6931471805599453,0.007701635339554948
ребенок_noun,2017-10,175,16740,0.01045400238948626,0.4818380868927384,0.005037136511722175
помощь_noun,2017-10,123,16740,0.007347670250896057,0.6546808997321493,0.0048103793707917775
октябрь_noun,2017-10,82,16740,0.004898446833930705,0.8637726975907087,0.004231144635748992
ребенок_noun,2017-11,167,12780,0.013067292644757433,0.4818380868927384,0.006296319288817473
врач_noun,2017-11,138,12780,0.0107981220657277,0.5645298027378517,0.006095861719704502
помощь_noun,2017-11,82,12780,0.006416275430359938,0.6546808997321493,0.004200612971677327
инсулина_noun,2017-11,20,12780,0.001564945226917058,2.4277482359480516,0.0037992930140032105
больница_noun,2017-11,61,12780,0.004773082942097027,0.6931471805599453,0.0033084489838933226
тепловоз_noun,2017-12,14,5178,0.0027037466203167246,3.9318256327243257,0.010630660266153063
врач_noun,2017-12,72,5178,0.013904982618771726,0.5645298027378517,0.00784977709484846
больница_noun,2017-12,52,5178,0.010042487446890692,0.6931471805599453,0.006960921859620927
сердце_noun,2017-12,53,5178,0.010235612205484744,0.6359887667199967,0.006509734383190388
ребенок_noun,2017-12,64,5178,0.012359984550019312,0.4818380868927384,0.005955511309605109
ребенок_noun,2018-01,218,9511,0.0229208285143518,0.4818380868927384,0.011044128161351799
больница_noun,2018-01,138,9511,0.014509515298075912,0.6931471805599453,0.010057229620152713
врач_noun,2018-01,138,9511,0.014509515298075912,0.5645298027378517,0.008191053809044635
девочка_noun,2018-01,87,9511,0.009147303122700031,0.6737290947028437,0.006162804251829188
декабрь_noun,2018-01,47,9511,0.004941646514562086,0.84078317936601,0.004154853267816472
врач_noun,2018-02,126,9747,0.012927054478301015,0.5645298027378517,0.007297707514616734
больница_noun,2018-02,97,9747,0.009951780034882528,0.6931471805599453,0.006898048272731578
ребенок_noun,2018-02,101,9747,0.010362162716733354,0.4818380868927384,0.00499288465950206
операция_noun,2018-02,98,9747,0.010054375705345234,0.32090772008010127,0.003226526784431099
отделение_noun,2018-02,43,9747,0.004411613829896378,0.712949807856125,0.0031452592323600466
больница_noun,2018-03,162,11888,0.013627187079407806,0.6931471805599453,0.009445646303054436
врач_noun,2018-03,171,11888,0.014384253028263795,0.5645298027378517,0.008120339524577106
девочка_noun,2018-03,141,11888,0.011860699865410497,0.6737290947028437,0.007990898582865155
ребенок_noun,2018-03,171,11888,0.014384253028263795,0.4818380868927384,0.006930880960519706
детский_adj,2018-03,71,11888,0.005972409152086138,0.7331525151736445,0.004378686791498046
врач_noun,2018-04,106,7473,0.014184397163120567,0.5645298027378517,0.008007514932451797
ребенок_noun,2018-04,94,7473,0.012578616352201259,0.4818380868927384,0.00606085643890237
помощь_noun,2018-04,46,7473,0.00615549310852402,0.6546808997321493,0.00402988376658355
больница_noun,2018-04,43,7473,0.005754047905794192,0.6931471805599453,0.003988402082708102
операция_noun,2018-04,86,7473,0.011508095811588384,0.32090772008010127,0.003693036789360191
менингококковый_adj,2018-05,120,11780,0.010186757215619695,1.6805338341178306,0.017119190160792844
ребенок_noun,2018-05,223,11780,0.018930390492359932,0.4818380868927384,0.009121383138971194
врач_noun,2018-05,151,11780,0.012818336162988116,0.5645298027378517,0.007236332785519151
больница_noun,2018-05,115,11780,0.009762308998302207,0.6931471805599453,0.0067667169579281585
инфекция_noun,2018-05,163,11780,0.013837011884550086,0.4353180712578455,0.006023501325554229
менингококковый_adj,2018-06,144,20607,0.006987916727325666,1.6805338341178306,0.011743430490268724
больница_noun,2018-06,296,20607,0.014364051050613868,0.6931471805599453,0.009956401487152123
менингит_noun,2018-06,119,20607,0.005774736739942738,1.292768303109067,0.00746539661619736
врач_noun,2018-06,233,20607,0.01130683748240889,0.5645298027378517,0.006383046733533238
ребенок_noun,2018-06,239,20607,0.011598000679380794,0.4818380868927384,0.005588358459133522
больница_noun,2018-07,98,8028,0.012207274539113104,0.6931471805599453,0.008461437929107453
врач_noun,2018-07,101,8028,0.012580966616841056,0.5645298027378517,0.007102330602456779
ребенок_noun,2018-07,99,8028,0.01233183856502242,0.4818380868927384,0.005941949502040495
объездный_adj,2018-07,11,8028,0.0013702042850024913,3.9318256327243257,0.005387404329841502
центр_noun,2018-07,78,8028,0.009715994020926755,0.5474353693785516,0.005318878775725838
сердце_noun,2018-08,125,10405,0.012013455069678039,0.6359887667199967,0.007640422473810628
врач_noun,2018-08,94,10405,0.009034118212397886,0.5645298027378517,0.005100028972355412
больница_noun,2018-08,71,10405,0.006823642479577127,0.6931471805599453,0.00472978854586796
медицинский_adj,2018-08,74,10405,0.0071119654012494,0.6176396280518002,0.0043926316651449505
центр_noun,2018-08,80,10405,0.0076886112445939455,0.5474353693785516,0.004209017736692372
врач_noun,2018-09,173,12497,0.01384332239737537,0.5645298027378517,0.007814968062226802
больница_noun,2018-09,111,12497,0.008882131711610787,0.6931471805599453,0.006156624553265098
медицинский_adj,2018-09,84,12497,0.006721613187164919,0.6176396280518002,0.004151534668828616
менингит_noun,2018-09,39,12497,0.003120748979755141,1.292768303109067,0.004034405362987406
ребенок_noun,2018-09,101,12497,0.008081939665519724,0.4818380868927384,0.003894186346816562
больница_noun,2018-10,175,14146,0.012370988265233989,0.6931471805599453,0.008574915636787108
врач_noun,2018-10,202,14146,0.014279655026155804,0.5645298027378517,0.008061290835080307
помощь_noun,2018-10,134,14146,0.009472642443093454,0.6546808997321493,0.006201558077485367
ребенок_noun,2018-10,155,14146,0.010957161034921533,0.4818380868927384,0.005279577510842248
менингит_noun,2018-10,55,14146,0.0038880248833592537,1.292768303109067,0.005026315330906171
врач_noun,2018-11,222,15141,0.014662175549831583,0.5645298027378517,0.008277235070854176
больница_noun,2018-11,152,15141,0.010038967043127931,0.6931471805599453,0.006958481701678336
медицинский_adj,2018-11,169,15141,0.011161746251898818,0.6176396280518002,0.00689393680343136
помощь_noun,2018-11,122,15141,0.008057591968826366,0.6546808997321493,0.005275151559825785
ребенок_noun,2018-11,153,15141,0.010105012878937983,0.4818380868927384,0.004868980073613961
врач_noun,2018-12,235,15260,0.015399737876802096,0.5645298027378517,0.00869361098580571
центр_noun,2018-12,141,15260,0.009239842726081257,0.5474353693785516,0.005058216715752017
больница_noun,2018-12,98,15260,0.006422018348623854,0.6931471805599453,0.00445140391185286
помощь_noun,2018-12,99,15260,0.006487549148099607,0.6546808997321493,0.004247274513334389
ребенок_noun,2018-12,132,15260,0.008650065530799476,0.4818380868927384,0.004167931026857239
больница_noun,2019-01,218,24939,0.008741328842375396,0.6931471805599453,0.006059027441439837
врач_noun,2019-01,264,24939,0.010585829423794057,0.5645298027378517,0.005976016196431005
ребенок_noun,2019-01,291,24939,0.011668471069409358,0.4818380868927384,0.00562231377704747
операция_noun,2019-01,400,24939,0.016039135490597056,0.32090772008010127,0.005147082402343337
гибридный_adj,2019-01,47,24939,0.0018845984201451543,2.6790626642289577,0.005048957264475761
ребенок_noun,2019-02,151,9132,0.016535260621988613,0.4818380868927384,0.007967318344371824
обрезание_noun,2019-02,25,9132,0.0027376259307928166,2.545531271604435,0.006968712416788313
врач_noun,2019-02,112,9132,0.012264564169951819,0.5645298027378517,0.006923711991528624
больница_noun,2019-02,89,9132,0.009745948313622427,0.6931471805599453,0.006755376595470339
операция_noun,2019-02,142,9132,0.015549715286903198,0.32090772008010127,0.004990023680614803
больница_noun,2019-03,151,15135,0.009976874793524942,0.6931471805599453,0.0069154426339313995
врач_noun,2019-03,172,15135,0.011364387182028412,0.5645298027378517,0.00641553525410707
медицинский_adj,2019-03,132,15135,0.008721506442021803,0.6176396280518002,0.005386747994901726
ребенок_noun,2019-03,167,15135,0.011034027089527585,0.4818380868927384,0.005316614503540621
помощь_noun,2019-03,118,15135,0.007796498183019491,0.6546808997321493,0.0051042184452192675
врач_noun,2019-04,136,8385,0.01621943947525343,0.5645298027378517,0.009156356967483343
больница_noun,2019-04,91,8385,0.010852713178294573,0.6931471805599453,0.007522527540960646
ребенок_noun,2019-04,127,8385,0.015146094215861657,0.4818380868927384,0.007297965060867951
помощь_noun,2019-04,60,8385,0.007155635062611807,0.6546808997321493,0.004684657600945612
клизм_noun,2019-04,14,8385,0.0016696481812760882,2.6790626642289577,0.004473092104854551
врач_noun,2019-05,211,13919,0.015159134995330125,0.5645298027378517,0.00855778348859018
больница_noun,2019-05,124,13919,0.008908685968819599,0.6931471805599453,0.00617503056178125
ребенок_noun,2019-05,132,13919,0.009483439902291831,0.4818380868927384,0.0045694825396825536
медицинский_adj,2019-05,102,13919,0.0073281126517709605,0.6176396280518002,0.004526132772561507
рецепт_noun,2019-05,48,13919,0.0034485236008333932,1.0696247517948574,0.003688626200600126
врач_noun,2019-06,262,13453,0.01947520999033673,0.5645298027378517,0.010994336454123033
противотуберкулзный_adj,2019-06,33,13453,0.0024529844644317253,2.6790626642289577,0.006571699094592701
медицинский_adj,2019-06,142,13453,0.010555266483312273,0.6176396280518002,0.006519350864740625
больница_noun,2019-06,123,13453,0.009142942094700067,0.6931471805599453,0.0063374045349641915
область_noun,2019-06,110,13453,0.008176614881439084,0.6359887667199967,0.005200235214390815
био_noun,2019-07,1,37,0.02702702702702703,4.624972813284271,0.12499926522389922
будьть_noun,2019-07,1,37,0.02702702702702703,4.624972813284271,0.12499926522389922
необычайный_adj,2019-07,1,37,0.02702702702702703,3.9318256327243257,0.106265557641198
упустеть_verb,2019-07,1,37,0.02702702702702703,3.9318256327243257,0.106265557641198
анкета_noun,2019-07,1,37,0.02702702702702703,3.5263605246161616,0.09530704120584221
нацкалендарь_noun,2019-07,1,37,0.02702702702702703,3.5263605246161616,0.09530704120584221
корь_noun,2019-08,5,105,0.047619047619047616,1.257676983297797,0.05988938015703795
атлантоосевый_adj,2019-08,1,105,0.009523809523809525,4.624972813284271,0.04404736012651687
годавозросло_verb,2019-08,1,105,0.009523809523809525,4.624972813284271,0.04404736012651687
жалд_noun,2019-08,1,105,0.009523809523809525,4.624972813284271,0.04404736012651687
зарегистрировалаоколо_verb,2019-08,1,105,0.009523809523809525,4.624972813284271,0.04404736012651687
тысячахзаболевший_adj,2019-08,1,105,0.009523809523809525,4.624972813284271,0.04404736012651687
түлегіна_noun,2019-08,1,105,0.009523809523809525,4.624972813284271,0.04404736012651687
үйлердный_adj,2019-08,1,105,0.009523809523809525,4.624972813284271,0.04404736012651687
актриса_noun,2019-09,4,117,0.03418803418803419,2.1400661634962708,0.07316465516226567
&quot;пробный_adj,2019-09,1,117,0.008547008547008548,4.624972813284271,0.03952968216482283
&quot_noun,2019-09,1,117,0.008547008547008548,4.624972813284271,0.03952968216482283
facebook-страница_noun,2019-09,1,117,0.008547008547008548,4.624972813284271,0.03952968216482283
заворотнюк_noun,2019-09,1,117,0.008547008547008548,4.624972813284271,0.03952968216482283
недуод_noun,2019-09,1,117,0.008547008547008548,4.624972813284271,0.03952968216482283
фаната_noun,2019-09,1,117,0.008547008547008548,4.624972813284271,0.03952968216482283
киборг_noun,2019-10,1,94,0.010638297872340425,4.624972813284271,0.049201838439194366
возлюбленная_noun,2019-10,1,94,0.010638297872340425,3.9318256327243257,0.04182793226302474
осведомленный_adj,2019-10,1,94,0.010638297872340425,3.5263605246161616,0.03751447366612938
уменьшиться_verb,2019-10,2,94,0.02127659574468085,1.5339303599259553,0.032636816168637346
таинственный_adj,2019-10,1,94,0.010638297872340425,3.0155349008501706,0.03208015851968266
лаңкестік_noun,2019-11,2,65,0.03076923076923077,3.9318256327243257,0.12097925023767157
арналарын_noun,2019-11,1,65,0.015384615384615385,4.624972813284271,0.0711534278966811
атын_noun,2019-11,1,65,0.015384615384615385,4.624972813284271,0.0711534278966811
басқаратынын_noun,2019-11,1,65,0.015384615384615385,4.624972813284271,0.0711534278966811
бағынышт_noun,2019-11,1,65,0.015384615384615385,4.624972813284271,0.0711534278966811
бағытталатынын_noun,2019-11,1,65,0.015384615384615385,4.624972813284271,0.0711534278966811
болғ_noun,2019-11,1,65,0.015384615384615385,4.624972813284271,0.0711534278966811
жаған_noun,2019-11,1,65,0.015384615384615385,4.624972813284271,0.0711534278966811
жойлғанын_noun,2019-11,1,65,0.015384615384615385,4.624972813284271,0.0711534278966811
жойылғанын_noun,2019-11,1,65,0.015384615384615385,4.624972813284271,0.0711534278966811
жойылғаныть_noun,2019-11,1,65,0.015384615384615385,4.624972813284271,0.0711534278966811
сайланыпт_noun,2019-11,1,65,0.015384615384615385,4.624972813284271,0.0711534278966811
содырлард_noun,2019-11,1,65,0.015384615384615385,4.624972813284271,0.0711534278966811
содырларғ_noun,2019-11,1,65,0.015384615384615385,4.624972813284271,0.0711534278966811
таңдалғать_verb,2019-11,1,65,0.015384615384615385,4.624972813284271,0.0711534278966811
террористер_noun,2019-11,1,65,0.015384615384615385,4.624972813284271,0.0711534278966811
хабарлағать_verb,2019-11,1,65,0.015384615384615385,4.624972813284271,0.0711534278966811
ізбасар_noun,2019-11,1,65,0.015384615384615385,4.624972813284271,0.0711534278966811
ұмтылғать_verb,2019-11,1,65,0.015384615384615385,4.624972813284271,0.0711534278966811
өлімінный_adj,2019-11,1,65,0.015384615384615385,4.624972813284271,0.0711534278966811
кардиоцентр_noun,2019-12,270,16687,0.016180260082699106,1.292768303109067,0.020917327370974296
реорганизация_noun,2019-12,108,16687,0.0064721040330796425,2.3223877202902252,0.015030734930865004
задумать_verb,2019-12,54,16687,0.0032360520165398213,2.833213344056216,0.009168425755320649
здравоохранение_noun,2019-12,365,16687,0.021873314556241384,0.3908663086870116,0.00854954171934795
областной_adj,2019-12,190,16687,0.011386108947084557,0.7331525151736445,0.00834775441259618
обледенение_noun,2020-01,40,5473,0.0073086058834277365,3.9318256327243257,0.02873616395194099
крушение_noun,2020-01,50,5473,0.00913575735428467,2.4277482359480516,0.022179318800914047
спутный_adj,2020-01,20,5473,0.0036543029417138682,4.624972813284271,0.016901051756931375
центровка_noun,2020-01,20,5473,0.0036543029417138682,4.624972813284271,0.016901051756931375
воздушный_adj,2020-01,60,5473,0.010962908825141605,1.5339303599259553,0.016816338679984895
ассистент_noun,2020-02,48,2983,0.01609118337244385,1.5339303599259553,0.02468275470212734
помощник_noun,2020-02,38,2983,0.012738853503184714,1.7346010553881064,0.02209682873105868
компания_noun,2020-02,62,2983,0.02078444518940664,0.84078317936601,0.017475211907707885
исполнительный_adj,2020-02,33,2983,0.011062688568555145,1.4060969884160703,0.015555213080030278
работа_noun,2020-02,58,2983,0.019443513241702983,0.6359887667199967,0.012365856007294606
март_noun,2020-03,270,15471,0.017452006980802792,0.8183103235139513,0.01428115747842847
область_noun,2020-03,345,15471,0.022299786697692458,0.6359887667199967,0.014182413839984415
шуский_adj,2020-03,70,15471,0.004524594402430354,2.833213344056216,0.012819141237407738
меркенский_adj,2020-03,70,15471,0.004524594402430354,2.4277482359480516,0.010984576078880719
набережной_noun,2020-03,35,15471,0.002262297201215177,4.624972813284271,0.010463063051189289
область_noun,2020-04,1005,43201,0.023263350385407746,0.6359887667199967,0.014795229521390632
коронавирус_noun,2020-04,531,43201,0.012291382143931854,0.5996211225491218,0.00737017235882465
коронавирусный_adj,2020-04,229,43201,0.005300803222147635,1.128465251817791,0.005981772242917388
случай_noun,2020-04,743,43201,0.01719867595657508,0.33451337213587995,0.005753187090506211
карантина_noun,2020-04,169,43201,0.003911946482720308,1.4469189829363254,0.005660269626079003
пайыздать_noun,2020-05,7,1477,0.004739336492890996,3.0155349008501706,0.014291634601185644
аспас_noun,2020-05,4,1477,0.002708192281651997,4.624972813284271,0.012525315675786785
айықт_noun,2020-05,6,1477,0.004062288422477996,3.0155349008501706,0.01224997251530198
коронавирус_noun,2020-05,29,1477,0.01963439404197698,0.5996211225491218,0.011773197396022027
санитарин_noun,2020-05,12,1477,0.008124576844955992,1.4469189829363254,0.011755604465291744
бессимптомный_adj,2020-06,2,41,0.04878048780487805,2.2270775404859005,0.10863792880419026
нераспространение_noun,2020-06,1,41,0.024390243902439025,3.0155349008501706,0.07354963172805294
июнь_noun,2020-06,3,41,0.07317073170731707,0.9360933591703348,0.06849463603685375
7_adj,2020-06,3,41,0.07317073170731707,0.7537718023763802,0.055154034320222936
стабилизироваться_verb,2020-06,2,41,0.04878048780487805,1.0696247517948574,0.05217681716072475
эшелонғ_noun,2020-07,4,857,0.004667444574095682,4.624972813284271,0.02158680426270371
проблемать_verb,2020-07,3,857,0.003500583430571762,4.624972813284271,0.016190103197027787
теңг_noun,2020-07,7,857,0.008168028004667444,1.916922612182061,0.015657477579083347
бөлдік_noun,2020-07,2,857,0.002333722287047841,4.624972813284271,0.010793402131351855
жүйесімен_noun,2020-07,2,857,0.002333722287047841,4.624972813284271,0.010793402131351855
эшелондаға_noun,2020-07,2,857,0.002333722287047841,4.624972813284271,0.010793402131351855
коронавирусқ_noun,2020-08,18,1621,0.011104256631708822,1.2237754316221157,0.013589116452312203
вакциный_noun,2020-08,19,1621,0.011721159777914868,1.1592369104845446,0.013587601048245742
қарс_noun,2020-08,24,1621,0.014805675508945095,0.8637726975907087,0.012788738274014194
мінсіз_noun,2020-08,4,1621,0.0024676125848241827,4.624972813284271,0.011412641118529972
мүмкін_noun,2020-08,14,1621,0.00863664404688464,1.2237754316221157,0.010569312796242824
коронавирус_noun,2020-09,34,1109,0.030658250676284943,0.5996211225491218,0.01838333468590635
жаңалықтарин_noun,2020-09,6,1109,0.005410279531109108,2.545531271604435,0.013772035734559613
получай_noun,2020-09,4,1109,0.0036068530207394047,3.5263605246161616,0.012719064110427994
прямо_noun,2020-09,4,1109,0.0036068530207394047,3.5263605246161616,0.012719064110427994
иммунодепрессия_noun,2020-09,3,1109,0.002705139765554554,4.624972813284271,0.012511197871823997
коронавирусный_adj,2020-10,17,1056,0.016098484848484848,1.128465251817791,0.018166580758430344
пайыз_noun,2020-10,8,1056,0.007575757575757576,1.791759469228055,0.013573935372939811
проходят_verb,2020-10,4,1056,0.003787878787878788,3.0155349008501706,0.011422480685038525
выздоровести_noun,2020-10,4,1056,0.003787878787878788,2.833213344056216,0.010731868727485668
смелость_noun,2020-10,4,1056,0.003787878787878788,2.833213344056216,0.010731868727485668
коронавирусный_adj,2020-11,39,1019,0.038272816486751716,1.128465251817791,0.04318954349449838
заболевший_noun,2020-11,18,1019,0.017664376840039256,1.1592369104845446,0.02047719763368185
толқыный_adj,2020-11,5,1019,0.004906771344455349,3.5263605246161616,0.017303044772405112
коронавирус_noun,2020-11,29,1019,0.02845927379784102,0.5996211225491218,0.017064781701594242
ноябрь_noun,2020-11,20,1019,0.019627085377821395,0.7963314167951762,0.015629664706480396
тыйый_adj,2020-12,20,2250,0.008888888888888889,2.0600234558227344,0.018311319607313196
коронавирусный_adj,2020-12,26,2250,0.011555555555555555,1.128465251817791,0.013040042909894472
мерека_noun,2020-12,8,2250,0.0035555555555555557,3.5263605246161616,0.012538170754190798
мерекелік_noun,2020-12,8,2250,0.0035555555555555557,3.5263605246161616,0.012538170754190798
салынған_noun,2020-12,11,2250,0.004888888888888889,2.3223877202902252,0.011353895521418878
коронавирусный_adj,2021-01,27,2063,0.013087736306349976,1.128465251817791,0.01476905564667007
заболевший_noun,2021-01,20,2063,0.009694619486185167,1.1592369104845446,0.011238360741488556
тыйый_adj,2021-01,11,2063,0.005332040717401842,2.0600234558227344,0.010984128945249673
вакциный_noun,2021-01,17,2063,0.008240426563257392,1.1592369104845446,0.009552606630265274
дірілдеп_noun,2021-01,4,2063,0.0019389238972370335,4.624972813284271,0.008967470311748466
вакциный_noun,2021-02,29,2534,0.011444356748224152,1.1592369104845446,0.013266720759294316
коронавирусқ_noun,2021-02,24,2534,0.009471191791633781,1.2237754316221157,0.01159061182278247
қарс_noun,2021-02,33,2534,0.013022888713496448,0.8637726975907087,0.011248815714480422
ақпанда_noun,2021-02,10,2534,0.003946329913180742,2.545531271604435,0.010045506202069595
"""вконтакт_noun",2021-02,9,2534,0.003551696921862668,2.6790626642289577,0.009515218618019187
коронавирусный_adj,2021-03,20,1132,0.0176678445229682,1.128465251817791,0.019937548618688884
заболевший_noun,2021-03,17,1132,0.015017667844522967,1.1592369104845446,0.017409034874767894
март_noun,2021-03,19,1132,0.01678445229681979,0.8183103235139513,0.013734890589015085
сынақт_noun,2021-03,3,1132,0.00265017667844523,4.624972813284271,0.012256995088209198
выявить_verb,2021-03,39,1132,0.03445229681978799,0.33451337213587995,0.011524753987013532
эфирд_noun,2021-04,3,881,0.00340522133938706,4.624972813284271,0.015749056117880602
вакциный_noun,2021-04,11,881,0.012485811577752554,1.1592369104845446,0.014474013638286027
жұқтыр_noun,2021-04,7,881,0.007945516458569807,1.791759469228055,0.014236454352549811
бірін_verb,2021-04,3,881,0.00340522133938706,3.9318256327243257,0.013388736547301903
сәуірд_noun,2021-04,3,881,0.00340522133938706,3.9318256327243257,0.013388736547301903
таңдай_noun,2021-04,3,881,0.00340522133938706,3.9318256327243257,0.013388736547301903
вакциный_noun,2021-05,30,1959,0.015313935681470138,1.1592369104845446,0.01775247948674647
көтеря_noun,2021-05,6,1959,0.0030627871362940277,4.624972813284271,0.014165307238236665
"""спутник_noun",2021-05,13,1959,0.006636038795303726,1.9859154836690125,0.01317861219382193
мутацияғ_noun,2021-05,4,1959,0.002041858090862685,4.624972813284271,0.009443538158824443
салдыратындар_noun,2021-05,4,1959,0.002041858090862685,4.624972813284271,0.009443538158824443
таныстарыный_noun,2021-05,4,1959,0.002041858090862685,4.624972813284271,0.009443538158824443
маусымнан_noun,2021-06,9,3250,0.002769230769230769,4.624972813284271,0.012807617021402595
антиденелер_noun,2021-06,12,3250,0.0036923076923076922,3.0155349008501706,0.0111342827108314
вакциный_noun,2021-06,25,3250,0.007692307692307693,1.1592369104845446,0.008917207003727267
королева_noun,2021-06,6,3250,0.0018461538461538461,3.5263605246161616,0.006510204045445221
коронавирус_noun,2021-06,34,3250,0.010461538461538461,0.5996211225491218,0.006272959435898505
вакциный_noun,2021-07,25,1464,0.01707650273224044,1.1592369104845446,0.01979571226920329
“спутник_noun,2021-07,5,1464,0.0034153005464480873,4.624972813284271,0.01579567217651732
заңгер_noun,2021-07,4,1464,0.00273224043715847,3.9318256327243257,0.010742692985585589
қарс_noun,2021-07,18,1464,0.012295081967213115,0.8637726975907087,0.01062015611791855
пайыза_noun,2021-07,9,1464,0.006147540983606557,1.6805338341178306,0.010331150619576828
тамыздаға_noun,2021-08,17,2924,0.005813953488372093,4.624972813284271,0.026889376821420178
науқас_noun,2021-08,30,2924,0.010259917920656635,1.257676983297797,0.012903662619334443
жатыр_noun,2021-08,47,2924,0.016073871409028728,0.7537718023763802,0.01211603102314975
ауыр_noun,2021-08,31,2924,0.010601915184678522,0.9873866535578852,0.010468189555504255
жағдайа_noun,2021-08,31,2924,0.010601915184678522,0.9873866535578852,0.010468189555504255
компонентін_noun,2021-09,34,3065,0.011092985318107667,2.0600234558227344,0.02285180995039901
ад_noun,2021-09,64,3065,0.020880913539967374,0.581921545449721,0.012151053477579818
салдырған_noun,2021-09,17,3065,0.005546492659053833,2.1400661634962708,0.011869861265721567
азайып_noun,2021-09,12,3065,0.003915171288743882,3.0155349008501706,0.011806335664013718
коронавирус_noun,2021-09,58,3065,0.01892332789559543,0.5996211225491218,0.011346827115122044
қазандаға_noun,2021-10,14,2389,0.0058601925491837585,3.2386784521643803,0.01897927933457569
коронавирус_noun,2021-10,41,2389,0.01716199246546672,0.5996211225491218,0.010290693187322727
ревакцинация_noun,2021-10,15,2389,0.006278777731268313,1.580450375560848,0.009923296623446095
коронавирусқ_noun,2021-10,19,2389,0.00795311845960653,1.2237754316221157,0.009732830975646797
бойынша_noun,2021-10,36,2389,0.01506906655504395,0.6359887667199967,0.009583757053963951
балаларғ_noun,2021-11,31,1775,0.017464788732394366,1.580450375560848,0.027602231911203545
вакциный_noun,2021-11,28,1775,0.015774647887323943,1.1592369104845446,0.018286554080882957
жас_noun,2021-11,16,1775,0.009014084507042254,1.791759469228055,0.01615107127191486
вакцинаса_noun,2021-11,12,1775,0.0067605633802816905,1.916922612182061,0.012959476814751963
салдыруғ_noun,2021-11,10,1775,0.005633802816901409,2.2270775404859005,0.012546915721047327
№124_adj,2021-12,5,1769,0.002826455624646693,4.624972813284271,0.013072280421945368
донорлыққ_noun,2021-12,4,1769,0.0022611644997173543,4.624972813284271,0.010457824337556293
талаптарин_noun,2021-12,6,1769,0.0033917467495760316,2.6790626642289577,0.00908670208330907
қать_verb,2021-12,9,1769,0.005087620124364048,1.6805338341178306,0.008549917754132547
сөздік_noun,2021-12,3,1769,0.0016958733747880158,4.624972813284271,0.00784336825316722
№125_adj,2022-01,5,1107,0.004516711833785004,4.624972813284271,0.02088966943669499
ақыл_noun,2022-01,8,1107,0.007226738934056007,2.6790626642289577,0.019360886462359225
қарастырылып_noun,2022-01,4,1107,0.0036133694670280035,3.9318256327243257,0.01420713869096414
талаптарин_noun,2022-01,5,1107,0.004516711833785004,2.6790626642289577,0.012100554038974514
қаңтардаға_noun,2022-01,4,1107,0.0036133694670280035,3.0155349008501706,0.010896241737489324
№126_adj,2022-02,19,1553,0.012234385061171926,4.624972813284271,0.056583698295171375
ақпандаға_noun,2022-02,14,1553,0.00901481004507405,3.0155349008501706,0.0271844743154555
науқас_noun,2022-02,20,1553,0.0128783000643915,1.257676983297797,0.016196741574987725
суармал_noun,2022-02,5,1553,0.003219575016097875,4.624972813284271,0.01489044691978194
әскери_noun,2022-02,8,1553,0.0051513200257566,2.833213344056216,0.014594788636477611
№127_adj,2022-03,13,969,0.013415892672858616,3.9318256327243257,0.052748950697023976
тәртіпсіздіктер_noun,2022-03,11,969,0.011351909184726523,3.9318256327243257,0.04463372751286644
қатысқан_verb,2022-03,11,969,0.011351909184726523,3.9318256327243257,0.04463372751286644
әкімдігіть_noun,2022-03,11,969,0.011351909184726523,3.9318256327243257,0.04463372751286644
наурыздаға_noun,2022-03,12,969,0.01238390092879257,3.5263605246161616,0.04367009937605154
дауд_noun,2022-04,10,1049,0.009532888465204958,3.9318256327243257,0.03748165522139491
жеңіска_noun,2022-04,10,1049,0.009532888465204958,3.9318256327243257,0.03748165522139491
компаниямен_noun,2022-04,10,1049,0.009532888465204958,3.9318256327243257,0.03748165522139491
№128_adj,2022-04,7,1049,0.00667302192564347,4.624972813284271,0.030862544988550903
қор_noun,2022-04,6,1049,0.005719733079122974,2.2270775404859005,0.012738289078089039
#вебопрос_noun,2022-05,3,238,0.012605042016806723,4.624972813284271,0.05829797663803703
#опрос_noun,2022-05,3,238,0.012605042016806723,4.624972813284271,0.05829797663803703
#саулнам_noun,2022-05,3,238,0.012605042016806723,4.624972813284271,0.05829797663803703
жалғастырамыз_noun,2022-05,3,238,0.012605042016806723,3.9318256327243257,0.049560827303247804
жариялауд_noun,2022-05,3,238,0.012605042016806723,3.9318256327243257,0.049560827303247804
сауалнам_adj,2022-05,3,238,0.012605042016806723,3.9318256327243257,0.049560827303247804
языками_noun,2022-05,3,238,0.012605042016806723,3.9318256327243257,0.049560827303247804
қызықт_noun,2022-05,3,238,0.012605042016806723,3.9318256327243257,0.049560827303247804
№130_adj,2022-06,4,335,0.011940298507462687,3.9318256327243257,0.0469471717340218
аулаа_noun,2022-06,3,335,0.008955223880597015,3.9318256327243257,0.035210378800516355
құралдарымен_noun,2022-06,3,335,0.008955223880597015,3.5263605246161616,0.03157934798163727
таралуа_noun,2022-06,4,335,0.011940298507462687,2.4277482359480516,0.02898803863818569
127-дный_adj,2022-06,2,335,0.005970149253731343,4.624972813284271,0.02761177798975684
«соңға_noun,2022-06,2,335,0.005970149253731343,4.624972813284271,0.02761177798975684
атқаралып_noun,2022-06,2,335,0.005970149253731343,4.624972813284271,0.02761177798975684
жіті_noun,2022-06,2,335,0.005970149253731343,4.624972813284271,0.02761177798975684
таратылғать_verb,2022-06,2,335,0.005970149253731343,4.624972813284271,0.02761177798975684
қадама_noun,2022-06,2,335,0.005970149253731343,4.624972813284271,0.02761177798975684
өлі_noun,2022-06,2,335,0.005970149253731343,4.624972813284271,0.02761177798975684
ағза_noun,2022-07,6,1027,0.005842259006815969,3.9318256327243257,0.022970743716013587
ағз_noun,2022-07,6,1027,0.005842259006815969,3.5263605246161616,0.020601911536219056
зерттеулердный_adj,2022-07,4,1027,0.0038948393378773127,4.624972813284271,0.018013526049792682
металлургия_noun,2022-07,4,1027,0.0038948393378773127,3.5263605246161616,0.013734607690812703
мұрын_noun,2022-07,4,1027,0.0038948393378773127,3.5263605246161616,0.013734607690812703
форматт_noun,2022-08,3,344,0.00872093023255814,3.5263605246161616,0.030753144110024666
ормящий_verb,2022-08,2,344,0.005813953488372093,4.624972813284271,0.026889376821420178
№132_adj,2022-08,2,344,0.005813953488372093,4.624972813284271,0.026889376821420178
предложение_noun,2022-08,7,344,0.020348837209302327,1.128465251817791,0.022962955705594583
сынып_noun,2022-08,2,344,0.005813953488372093,2.833213344056216,0.016472170604978
№133_adj,2022-09,5,535,0.009345794392523364,4.624972813284271,0.04322404498396514
өсі_noun,2022-09,4,535,0.007476635514018692,3.2386784521643803,0.024214418333939294
фельдшерлік-акушерлік_noun,2022-09,3,535,0.005607476635514018,3.9318256327243257,0.022047620370416778
ес_noun,2022-09,7,535,0.013084112149532711,1.6805338341178306,0.0219882931566819
металлургия_noun,2022-09,3,535,0.005607476635514018,3.5263605246161616,0.019773984250184083
№134_adj,2022-10,8,790,0.010126582278481013,4.624972813284271,0.04683516772946097
есег_noun,2022-10,8,790,0.010126582278481013,2.545531271604435,0.02577753186434871
қазандаға_noun,2022-10,6,790,0.007594936708860759,3.2386784521643803,0.024597557864539595
артт_noun,2022-10,8,790,0.010126582278481013,2.3223877202902252,0.023517850332052913
науқас_noun,2022-10,11,790,0.013924050632911392,1.257676983297797,0.01751195799528578
қарашадаға_noun,2022-11,9,1556,0.005784061696658098,3.5263605246161616,0.020396686839039495
қаңтар-қазанный_noun,2022-11,8,1556,0.005141388174807198,3.9318256327243257,0.020215041813492676
-да_noun,2022-11,8,1556,0.005141388174807198,3.2386784521643803,0.016651303095960822
қарқын_noun,2022-11,8,1556,0.005141388174807198,3.2386784521643803,0.016651303095960822
мектеп_noun,2022-11,9,1556,0.005784061696658098,2.833213344056216,0.01638748078181616
желтоқсандаға_noun,2022-12,15,838,0.017899761336515514,3.5263605246161616,0.06312101177713893
№136_adj,2022-12,7,838,0.008353221957040573,4.624972813284271,0.03863342445464188
науқас_noun,2022-12,20,838,0.02386634844868735,1.257676983297797,0.030016157119279165
коронавирус_noun,2022-12,40,838,0.0477326968973747,0.5996211225491218,0.0286215332959008
ауыр_noun,2022-12,24,838,0.028639618138424822,0.9873866535578852,0.028278376712874996
градусқ_noun,2023-01,16,1068,0.0149812734082397,4.624972813284271,0.0692879822214872
№137_adj,2023-01,14,1068,0.013108614232209739,3.5263605246161616,0.046225699760886016
командасындаға_noun,2023-01,11,1068,0.010299625468164793,3.9318256327243257,0.04049633142319062
қаңтардаға_noun,2023-01,11,1068,0.010299625468164793,3.0155349008501706,0.031058880064936213
пмпк_noun,2023-01,8,1068,0.00749063670411985,3.2386784521643803,0.024259763686624573
№138_adj,2023-02,6,597,0.010050251256281407,3.9318256327243257,0.039515835504767095
науқас_noun,2023-02,12,597,0.020100502512562814,1.257676983297797,0.025279939362769788
ақпандаға_noun,2023-02,5,597,0.008375209380234505,3.0155349008501706,0.025255736188024878
кви_noun,2023-02,7,597,0.011725293132328308,1.580450375560848,0.018531243934549305
ауыр_noun,2023-02,11,597,0.018425460636515914,0.9873866535578852,0.01819305391815199
жағдайа_noun,2023-02,11,597,0.018425460636515914,0.9873866535578852,0.01819305391815199
төль_noun,2023-03,10,738,0.013550135501355014,3.9318256327243257,0.053276770091115526
№139_adj,2023-03,8,738,0.01084010840108401,3.9318256327243257,0.04262141607289242
карточкаларын_noun,2023-03,6,738,0.008130081300813009,4.624972813284271,0.03760140498605098
қолом_noun,2023-03,7,738,0.009485094850948509,3.5263605246161616,0.03344786405462484
ақшасыз_noun,2023-03,4,738,0.005420054200542005,4.624972813284271,0.025067603324033988
банктер_noun,2023-03,4,738,0.005420054200542005,4.624972813284271,0.025067603324033988
№140_adj,2023-04,5,606,0.00825082508250825,4.624972813284271,0.03815984169376461
синоптиктер_noun,2023-04,3,606,0.0049504950495049506,4.624972813284271,0.022895905016258766
мәлімть_verb,2023-04,5,606,0.00825082508250825,2.6790626642289577,0.022104477427631664
коронавирус_noun,2023-04,21,606,0.034653465346534656,0.5996211225491218,0.020778949791306203
науқас_noun,2023-04,10,606,0.0165016501650165,1.257676983297797,0.020753745598973545
соғада_noun,2023-05,8,425,0.018823529411764704,4.624972813284271,0.08705831177946861
м/с_noun,2023-05,10,425,0.023529411764705882,3.5263605246161616,0.08297318881449792
найзағай_noun,2023-05,7,425,0.01647058823529412,4.624972813284271,0.07617602280703505
шығысынд_noun,2023-05,6,425,0.01411764705882353,4.624972813284271,0.06529373383460146
жеть_verb,2023-05,6,425,0.01411764705882353,3.9318256327243257,0.055508126579637544
видеосообщение_noun,2023-06,4,56,0.07142857142857142,4.624972813284271,0.33035520094887644
кнопка_noun,2023-06,2,56,0.03571428571428571,2.3223877202902252,0.08294241858179376
гремлинский_adj,2023-06,1,56,0.017857142857142856,4.624972813284271,0.08258880023721911
неоспоримый_noun,2023-06,1,56,0.017857142857142856,4.624972813284271,0.08258880023721911
неоспоримый_verb,2023-06,1,56,0.017857142857142856,4.624972813284271,0.08258880023721911
тестер_noun,2023-06,1,56,0.017857142857142856,4.624972813284271,0.08258880023721911
уланоризм_noun,2023-06,1,56,0.017857142857142856,4.624972813284271,0.08258880023721911
бұрынғыданин_verb,2023-07,3,535,0.005607476635514018,4.624972813284271,0.025934426990379084
№143_adj,2023-07,3,535,0.005607476635514018,4.624972813284271,0.025934426990379084
бір_noun,2023-07,14,535,0.026168224299065422,0.7748252115742124,0.02027579992904481
визан_noun,2023-07,2,535,0.003738317757009346,4.624972813284271,0.01728961799358606
заңнамасынд_noun,2023-07,2,535,0.003738317757009346,4.624972813284271,0.01728961799358606
-ка_noun,2023-08,8,532,0.015037593984962405,4.624972813284271,0.0695484633576582
к_noun,2023-08,16,532,0.03007518796992481,1.8523840910444898,0.05571079973066134
тонна_adj,2023-08,8,532,0.015037593984962405,3.0155349008501706,0.04534638948646873
атезолизумаб_noun,2023-08,4,532,0.007518796992481203,4.624972813284271,0.0347742316788291
қымбаттада_noun,2023-08,3,532,0.005639097744360902,3.9318256327243257,0.02217194905671612
таныстырд_noun,2023-09,4,416,0.009615384615384616,4.624972813284271,0.04447089243542568
қытай_noun,2023-09,5,416,0.01201923076923077,2.3223877202902252,0.02791331394579598
сапара_noun,2023-09,3,416,0.007211538461538462,3.2386784521643803,0.02335585422233928
табылада_noun,2023-09,4,416,0.009615384615384616,2.4277482359480516,0.023343733037962035
жарақтандыр_noun,2023-09,2,416,0.004807692307692308,4.624972813284271,0.02223544621771284
№145_adj,2023-09,2,416,0.004807692307692308,4.624972813284271,0.02223544621771284
трансплантаттаа_noun,2023-10,7,675,0.01037037037037037,4.624972813284271,0.047962681026651695
ағзалар_noun,2023-10,4,675,0.005925925925925926,3.9318256327243257,0.02329970745318119
көбейген_noun,2023-10,5,675,0.007407407407407408,3.0155349008501706,0.022337295561853116
тонна_adj,2023-10,5,675,0.007407407407407408,3.0155349008501706,0.022337295561853116
№146_adj,2023-10,3,675,0.0044444444444444444,4.624972813284271,0.02055543472570787
әуй_adj,2023-11,5,383,0.013054830287206266,3.5263605246161616,0.04603603818036764
бостандықт_noun,2023-11,3,383,0.007832898172323759,4.624972813284271,0.03622694109622144
көгеріп_noun,2023-11,3,383,0.007832898172323759,4.624972813284271,0.03622694109622144
қызылшамный_noun,2023-11,3,383,0.007832898172323759,4.624972813284271,0.03622694109622144
ұл_noun,2023-11,3,383,0.007832898172323759,3.9318256327243257,0.030797589812462077
№147_adj,2023-11,3,383,0.007832898172323759,3.9318256327243257,0.030797589812462077
құмар_noun,2023-12,7,592,0.011824324324324325,3.9318256327243257,0.046491181468024126
ұйқа_noun,2023-12,8,592,0.013513513513513514,3.2386784521643803,0.043765925029248386
ойындар_noun,2023-12,4,592,0.006756756756756757,3.5263605246161616,0.023826760301460553
айырбастаа_noun,2023-12,3,592,0.005067567567567568,4.624972813284271,0.023437362229481104
күнбағыса_noun,2023-12,3,592,0.005067567567567568,4.624972813284271,0.023437362229481104
жер_noun,2024-01,8,1373,0.005826656955571741,3.2386784521643803,0.018870668330163907
балдыркөк_noun,2024-01,5,1373,0.003641660597232338,4.624972813284271,0.016842581257408125
нұсқасын_noun,2024-01,8,1373,0.005826656955571741,2.833213344056216,0.016508162237763826
сайтынать_noun,2024-01,8,1373,0.005826656955571741,2.833213344056216,0.016508162237763826
аласыздар_noun,2024-01,8,1373,0.005826656955571741,2.6790626642289577,0.015609979106942217
оқя_noun,2024-01,8,1373,0.005826656955571741,2.6790626642289577,0.015609979106942217
нұсқасын_noun,2024-02,6,817,0.0073439412484700125,2.833213344056216,0.020806952343130108
сайтынать_noun,2024-02,6,817,0.0073439412484700125,2.833213344056216,0.020806952343130108
аласыздар_noun,2024-02,6,817,0.0073439412484700125,2.6790626642289577,0.01967487880706701
оқя_noun,2024-02,6,817,0.0073439412484700125,2.6790626642289577,0.01967487880706701
алдынать_verb,2024-02,3,817,0.0036719706242350062,4.624972813284271,0.016982764308265376
мәйіт_verb,2024-02,3,817,0.0036719706242350062,4.624972813284271,0.016982764308265376
врач_noun,2024-03,300,24138,0.012428535918468804,0.5645298027378517,0.007016278930373498
медицинский_adj,2024-03,200,24138,0.008285690612312536,0.6176396280518002,0.005117570867941007
больница_noun,2024-03,177,24138,0.007332836191896595,0.6931471805599453,0.005082734731921051
ребенок_noun,2024-03,244,24138,0.010108542547021294,0.4818380868927384,0.004870680802130589
операция_noun,2024-03,269,24138,0.011144253873560361,0.32090772008010127,0.0035762771025580928
врач_noun,2024-04,165,18155,0.009088405397961994,0.5645298027378517,0.005130675706513111
больница_noun,2024-04,128,18155,0.007050399339025062,0.6931471805599453,0.004886964423666923
помощь_noun,2024-04,117,18155,0.006444505645827596,0.6546808997321493,0.0042190947545393265
ребенок_noun,2024-04,151,18155,0.008317267970256129,0.4818380868927384,0.004007576486962462
рак_noun,2024-04,90,18155,0.004957312035251997,0.7537718023763802,0.0037366820277540194
больница_noun,2024-05,201,23569,0.008528151385294242,0.6931471805599453,0.0059112640881050955
медицинский_adj,2024-05,225,23569,0.00954643811786669,0.6176396280518002,0.0058962584883387095
ребенок_noun,2024-05,287,23569,0.012177012177012177,0.4818380868927384,0.005867348251441126
врач_noun,2024-05,209,23569,0.008867580296151725,0.5645298027378517,0.0050060133553485936
помощь_noun,2024-05,157,23569,0.0066612923755780895,0.6546808997321493,0.00436102088582237
больница_noun,2024-06,268,35026,0.007651458916233655,0.6931471805599453,0.005303587174957612
врач_noun,2024-06,311,35026,0.008879118369211443,0.5645298027378517,0.005012526941456971
ребенок_noun,2024-06,342,35026,0.009764175184148918,0.4818380868927384,0.004704751490815866
медицинский_adj,2024-06,265,35026,0.007565808256723577,0.6176396280518002,0.0046729429975939886
фетальный_adj,2024-06,61,35026,0.0017415634100382573,2.3223877202902252,0.004044585477579619
врач_noun,2024-07,273,31100,0.008778135048231512,0.5645298027378517,0.004955518847184357
больница_noun,2024-07,193,31100,0.0062057877813504825,0.6931471805599453,0.004301524303796445
медицинский_adj,2024-07,208,31100,0.0066881028938906755,0.6176396280518002,0.004130837383754805
провести_verb,2024-07,187,31100,0.006012861736334405,0.6359887667199967,0.0038241125201491765
орган_noun,2024-07,169,31100,0.005434083601286174,0.6737290947028437,0.0036611002252341027
больница_noun,2024-08,359,43091,0.008331206052307907,0.6931471805599453,0.005774751985821178
врач_noun,2024-08,423,43091,0.009816434986424078,0.5645298027378517,0.005541670106474931
магнит_noun,2024-08,110,43091,0.002552737230512172,2.0600234558227344,0.005258698571407041
ребенок_noun,2024-08,431,43091,0.0100020886031886,0.4818380868927384,0.004819387237492057
отделение_noun,2024-08,205,43091,0.004757373929590866,0.712949807856125,0.003391768829001546
больница_noun,2024-09,394,34908,0.011286811046178527,0.6931471805599453,0.007823421254171492
ребенок_noun,2024-09,451,34908,0.012919674573163745,0.4818380868927384,0.0062251912796099755
врач_noun,2024-09,353,34908,0.010112295175890913,0.5645298027378517,0.005708692000872626
медицинский_adj,2024-09,249,34908,0.0071330354073564795,0.6176396280518002,0.004405645335879977
помощь_noun,2024-09,216,34908,0.006187693365417669,0.6546808997321493,0.004050964659738291
больница_noun,2024-10,366,38176,0.009587175188600168,0.6931471805599453,0.006645323451512469
врач_noun,2024-10,443,38176,0.01160414920368818,0.5645298027378517,0.0065508880608986875
медицинский_adj,2024-10,260,38176,0.006810561609388097,0.6176396280518002,0.004206472739246334
год_noun,2024-10,504,38176,0.013202011735121543,0.29423947299793995,0.0038845529754547815
ребенок_noun,2024-10,307,38176,0.008041701592623638,0.4818380868927384,0.0038747981107520608
ребенок_noun,2024-11,500,34479,0.01450158067229328,0.4818380868927384,0.006987413888058505
врач_noun,2024-11,390,34479,0.01131123292438876,0.5645298027378517,0.00638552809152708
больница_noun,2024-11,292,34479,0.008468923112619275,0.6931471805599453,0.0058702101778910065
медицинский_adj,2024-11,248,34479,0.007192784013457467,0.6176396280518002,0.004442548442728804
помощь_noun,2024-11,182,34479,0.005278575364714754,0.6546808997321493,0.003455782469075413
больница_noun,2024-12,553,54020,0.010236949278045169,0.6931471805599453,0.007095712529612176
врач_noun,2024-12,538,54020,0.009959274342835986,0.5645298027378517,0.005622307180173347
помощь_noun,2024-12,456,54020,0.008441318030359126,0.6546808997321493,0.005526369683040727
медицинский_adj,2024-12,393,54020,0.007275083302480563,0.6176396280518002,0.004493379744989957
авиакатастрофа_noun,2024-12,85,54020,0.0015734912995186967,2.6790626642289577,0.004215481793029645
метапневмовирус_noun,2025-01,750,225853,0.003320744023767672,2.545531271604435,0.008453057757494149
медицинский_adj,2025-01,1941,225853,0.008594085533510735,0.6176396280518002,0.005308047792362927
год_noun,2025-01,3407,225853,0.015085033185301943,0.29423947299793995,0.004438612214599679
2024_adj,2025-01,542,225853,0.0023997910145094376,1.6805338341178306,0.0040329299946950635
помощь_noun,2025-01,1153,225853,0.005105090479205501,0.6546808997321493,0.0033422052281402866
медицинский_adj,2025-02,1715,192448,0.008911498170934486,0.6176396280518002,0.005504094415680273
год_noun,2025-02,2941,192448,0.015282050216162288,0.29423947299793995,0.004496582401931646
помощь_noun,2025-02,1084,192448,0.005632690389092118,0.6546808997321493,0.0036876148118434576
2024_adj,2025-02,397,192448,0.002062894911872298,1.6805338341178306,0.0034667646956309177
ребенок_noun,2025-02,1350,192448,0.007014881942135018,0.4818380868927384,0.0033800372947767545
медицинский_adj,2025-03,1710,185743,0.009206268876889035,0.6176396280518002,0.005686156484866608
год_noun,2025-03,2566,185743,0.013814787098302493,0.29423947299793995,0.004064855675383266
помощь_noun,2025-03,1133,185743,0.006099826103810103,0.6546808997321493,0.003993439641852049
2024_adj,2025-03,378,185743,0.0020350699622596813,1.6805338341178306,0.003420003926374291
область_noun,2025-03,910,185743,0.00489924250173627,0.6359887667199967,0.003115863196541442
медицинский_adj,2025-04,2625,263801,0.009950682522052608,0.6176396280518002,0.006145935851782122
помощь_noun,2025-04,1813,263801,0.006872604728564335,0.6546808997321493,0.004499363047199922
год_noun,2025-04,2992,263801,0.011341882707040535,0.29423947299793995,0.0033372295905240556
ребенок_noun,2025-04,1363,263801,0.005166773439069601,0.4818380868927384,0.0024895482292895113
врач_noun,2025-04,1163,263801,0.004408626199294165,0.5645298027378517,0.00248880087863246
медицинский_adj,2025-05,1919,226114,0.008486869455230547,0.6176396280518002,0.005241826893652779
год_noun,2025-05,2910,226114,0.012869614442272482,0.29423947299793995,0.003786748571180932
помощь_noun,2025-05,1231,226114,0.005444156487435541,0.6546808997321493,0.0035641852674769174
врач_noun,2025-05,1257,226114,0.005559142733311515,0.5645298027378517,0.0031383017506279114
больница_noun,2025-05,838,226114,0.00370609515554101,0.6931471805599453,0.002568869407950123
медицинский_adj,2025-06,2546,257249,0.00989702583877877,0.6176396280518002,0.0061127953578823755
помощь_noun,2025-06,1603,257249,0.0062313167398123995,0.6546808997321493,0.0040795240497363845
врач_noun,2025-06,1630,257249,0.0063362734160288285,0.5645298027378517,0.003577015181643848
год_noun,2025-06,3063,257249,0.01190675182410816,0.29423947299793995,0.0035034363818428455
ребенок_noun,2025-06,1463,257249,0.005687096937208697,0.4818380868927384,0.0027402599081981904
