word,year_quarter,n,total,tf,idf,tf_idf
врач_noun,2017_Q_1,576,36444,0.025448440399399135,0.5520685823000399,0.01404928441304334
ребенок_noun,2017_Q_1,475,36444,0.020986127065476718,0.6061358035703155,0.012720442992661478
больница_noun,2017_Q_1,416,36444,0.01837942917734382,0.5520685823000399,0.01014670540942019
год_noun,2017_Q_1,416,36444,0.01837942917734382,0.4519851237430572,0.008307228571048502
медицинский_adj,2017_Q_1,321,36444,0.014182203764248476,0.5520685823000399,0.007829549126018945
здравоохранение_noun,2017_Q_1,264,36444,0.011663868516391269,0.5520685823000399,0.006439255355978197
грипп_noun,2017_Q_1,114,36444,0.005036670495714412,1.1939224684724346,0.0060133940711256315
операция_noun,2017_Q_1,245,36444,0.010824423433772202,0.5520685823000399,0.005975824099297949
девочка_noun,2017_Q_1,172,36444,0.007599187063709463,0.723918839226699,0.005501194678227101
помощь_noun,2017_Q_1,193,36444,0.008526994786604224,0.6061358035703155,0.005168516837018242
январь_noun,2017_Q_1,110,36444,0.004859945215163029,1.0116009116784799,0.004916325010366386
состояние_noun,2017_Q_1,179,36444,0.007908456304674384,0.5520685823000399,0.0043660102603033995
время_noun,2017_Q_1,152,36444,0.006715560660952549,0.6061358035703155,0.004070541757651673
главный_adj,2017_Q_1,147,36444,0.00649465406026332,0.6061358035703155,0.00393664235772892
совещание_noun,2017_Q_1,37,36444,0.0016347088451002915,2.3978952727983707,0.003919860612067673
врач_noun,2017_Q_2,441,29335,0.026023840434320784,0.5520685823000399,0.014366944694577928
ребенок_noun,2017_Q_2,364,29335,0.02147999527912192,0.6061358035703155,0.013019794199197148
операция_noun,2017_Q_2,336,29335,0.01982768794995869,0.5520685823000399,0.010946243576821278
больница_noun,2017_Q_2,273,29335,0.016109996459341438,0.5520685823000399,0.00889382290616729
год_noun,2017_Q_2,285,29335,0.01681812817183996,0.4519851237430572,0.007601543742875681
помощь_noun,2017_Q_2,172,29335,0.010149887879145522,0.6061358035703155,0.006152210445774476
медицинский_adj,2017_Q_2,183,29335,0.010799008615602502,0.5520685823000399,0.005961793376661589
девочка_noun,2017_Q_2,133,29335,0.007848459813525315,0.723918839226699,0.0056816479179246406
состояние_noun,2017_Q_2,169,29335,0.00997285495102089,0.5520685823000399,0.005505699894294037
сердце_noun,2017_Q_2,123,29335,0.007258350053109879,0.6632942174102642,0.004814421618167267
отделение_noun,2017_Q_2,130,29335,0.0076714268854006845,0.6061358035703155,0.004649926499713267
человек_noun,2017_Q_2,170,29335,0.010031865927062433,0.4519851237430572,0.004534254162417073
женщина_noun,2017_Q_2,137,29335,0.008084503717691491,0.5520685823000399,0.004463200506025343
центр_noun,2017_Q_2,133,29335,0.007848459813525315,0.5520685823000399,0.004332888082491756
орган_noun,2017_Q_2,131,29335,0.007730437861442228,0.5520685823000399,0.004267731870724963
ребенок_noun,2017_Q_3,448,35374,0.020560833448070127,0.6061358035703155,0.012462657304121407
врач_noun,2017_Q_3,483,35374,0.022167148561200604,0.5520685823000399,0.012237786279816386
больница_noun,2017_Q_3,313,35374,0.01436504658313828,0.5520685823000399,0.007930490901827182
девочка_noun,2017_Q_3,225,35374,0.010326311441553077,0.723918839226699,0.007475411392262484
год_noun,2017_Q_3,359,35374,0.016476203588966908,0.4519851237430572,0.007446998917975012
операция_noun,2017_Q_3,267,35374,0.012253889577309652,0.5520685823000399,0.006764987446606574
помощь_noun,2017_Q_3,243,35374,0.011152416356877323,0.6061358035703155,0.006759878850226567
медицинский_adj,2017_Q_3,238,35374,0.010922942769287255,0.5520685823000399,0.006030213529184886
состояние_noun,2017_Q_3,226,35374,0.010372206159071092,0.5520685823000399,0.005726169149562119
здравоохранение_noun,2017_Q_3,191,35374,0.008765891045940612,0.5520685823000399,0.0048393730423290475
центр_noun,2017_Q_3,182,35374,0.00835283858827849,0.5520685823000399,0.004611339757611972
переливание_noun,2017_Q_3,51,35374,0.0023406305934186977,1.8870696490323797,0.004416932952437072
область_noun,2017_Q_3,164,35374,0.0075267336729542425,0.5520685823000399,0.004155273188177821
женщина_noun,2017_Q_3,155,35374,0.00711368121529212,0.5520685823000399,0.003927239903460745
лечение_noun,2017_Q_3,168,35374,0.007710312543026298,0.5007752879124892,0.0038611339836292706
врач_noun,2017_Q_4,507,34698,0.024078647416413374,0.5520685823000399,0.013293064742881848
ребенок_noun,2017_Q_4,406,34698,0.01928191489361702,0.6061358035703155,0.011687458978416988
операция_noun,2017_Q_4,317,34698,0.015055091185410334,0.5520685823000399,0.00831144284712731
больница_noun,2017_Q_4,299,34698,0.014200227963525837,0.5520685823000399,0.00783949972016109
состояние_noun,2017_Q_4,273,34698,0.012965425531914893,0.5520685823000399,0.007157804092320995
помощь_noun,2017_Q_4,227,34698,0.010780775075987842,0.6061358035703155,0.00653461376379472
год_noun,2017_Q_4,296,34698,0.01405775075987842,0.4519851237430572,0.006353894216752704
человек_noun,2017_Q_4,256,34698,0.0121580547112462,0.4519851237430572,0.0054952598631374736
октябрь_noun,2017_Q_4,91,34698,0.004321808510638298,1.1939224684724346,0.005159904285286452
медицинский_adj,2017_Q_4,185,34698,0.008786094224924013,0.5520685823000399,0.004850526582708368
центр_noun,2017_Q_4,170,34698,0.00807370820668693,0.5520685823000399,0.0044572406435698505
отделение_noun,2017_Q_4,151,34698,0.007171352583586626,0.6061358035703155,0.004346813560938337
тяжелый_adj,2017_Q_4,129,34698,0.006126519756838906,0.6632942174102642,0.004063685127560984
женщина_noun,2017_Q_4,154,34698,0.007313829787234043,0.5520685823000399,0.0040377356418221004
время_noun,2017_Q_4,140,34698,0.006648936170212766,0.6061358035703155,0.004030158268419651
ребенок_noun,2018_Q_1,490,31146,0.026290374503702113,0.6061358035703155,0.015935537275966014
врач_noun,2018_Q_1,435,31146,0.023339414100225345,0.5520685823000399,0.012884957254024967
больница_noun,2018_Q_1,397,31146,0.021300568730550487,0.5520685823000399,0.011759374781259567
девочка_noun,2018_Q_1,270,31146,0.014486532889795043,0.723918839226699,0.010487074073999824
операция_noun,2018_Q_1,263,31146,0.014110956111170726,0.5520685823000399,0.007790215535192106
состояние_noun,2018_Q_1,209,31146,0.011213649533211719,0.5520685823000399,0.006190703600209698
помощь_noun,2018_Q_1,173,31146,0.00928211181457238,0.6061358035703155,0.005626220303555348
год_noun,2018_Q_1,219,31146,0.011750187788389313,0.4519851237430572,0.005310910081539303
медицинский_adj,2018_Q_1,151,31146,0.008101727653181671,0.5520685823000399,0.004472709299673035
детский_adj,2018_Q_1,137,31146,0.00735057409593304,0.6061358035703155,0.004455446136341518
январь_noun,2018_Q_1,78,31146,0.004184998390385234,1.0116009116784799,0.004233548187086674
отделение_noun,2018_Q_1,128,31146,0.006867689666273206,0.6061358035703155,0.004162752594538062
здравоохранение_noun,2018_Q_1,134,31146,0.007189612619379762,0.5520685823000399,0.003969159246067461
центр_noun,2018_Q_1,132,31146,0.007082304968344243,0.5520685823000399,0.003909918063290335
рассказать_verb,2018_Q_1,130,31146,0.006974997317308724,0.5520685823000399,0.0038506768805132083
менингококковый_adj,2018_Q_2,264,39860,0.010430659818253654,1.550597412411167,0.01617375412392525
ребенок_noun,2018_Q_2,556,39860,0.021967601738443303,0.6061358035703155,0.013315349932243991
менингит_noun,2018_Q_2,158,39860,0.006242591860924536,1.8870696490323797,0.011780205632047255
врач_noun,2018_Q_2,490,39860,0.01935993678387989,0.5520685823000399,0.010688012853694964
больница_noun,2018_Q_2,454,39860,0.017937574081390753,0.5520685823000399,0.009902771093015333
инфекция_noun,2018_Q_2,404,39860,0.015962070327933623,0.4519851237430572,0.007214618332366461
год_noun,2018_Q_2,365,39860,0.01442117740023706,0.4519851237430572,0.006518157651766728
медицинский_adj,2018_Q_2,266,39860,0.01050967996839194,0.5520685823000399,0.005802064120577266
состояние_noun,2018_Q_2,263,39860,0.010391149743184513,0.5520685823000399,0.0057366273071872975
июнь_noun,2018_Q_2,97,39860,0.0038324772817068353,1.2992829841302609,0.004979472519187488
помощь_noun,2018_Q_2,202,39860,0.007981035163966812,0.6061358035703155,0.004837591162433968
инфекционный_adj,2018_Q_2,169,39860,0.006677202686685105,0.723918839226699,0.004833752818226477
человек_noun,2018_Q_2,270,39860,0.01066772026866851,0.4519851237430572,0.004821650865690456
заболевание_noun,2018_Q_2,241,39860,0.009521928091663374,0.5007752879124892,0.004768346281584745
здравоохранение_noun,2018_Q_2,217,39860,0.00857368629000395,0.5520685823000399,0.0047332628352077695
операция_noun,2018_Q_2,217,39860,0.00857368629000395,0.5520685823000399,0.0047332628352077695
врач_noun,2018_Q_3,368,30930,0.02118595279217041,0.5520685823000399,0.01169609892264909
ребенок_noun,2018_Q_3,273,30930,0.015716753022452505,0.6061358035703155,0.009526486722780433
больница_noun,2018_Q_3,280,30930,0.016119746689694875,0.5520685823000399,0.008899205702015611
медицинский_adj,2018_Q_3,219,30930,0.012607944732297064,0.5520685823000399,0.006960450174076496
операция_noun,2018_Q_3,217,30930,0.01249280368451353,0.5520685823000399,0.006896884419062098
центр_noun,2018_Q_3,209,30930,0.01203223949337939,0.5520685823000399,0.00664262139900451
помощь_noun,2018_Q_3,185,30930,0.010650546919976972,0.6061358035703155,0.00645567781580359
сердце_noun,2018_Q_3,154,30930,0.008865860679332182,0.6632942174102642,0.005880674120966073
состояние_noun,2018_Q_3,181,30930,0.010420264824409902,0.5520685823000399,0.0057527008288029485
год_noun,2018_Q_3,217,30930,0.01249280368451353,0.4519851237430572,0.005646561419242569
быть_verb,2018_Q_3,193,30930,0.011111111111111112,0.4519851237430572,0.0050220569304784135
здравоохранение_noun,2018_Q_3,156,30930,0.008981001727115717,0.5520685823000399,0.004958128891122984
менингит_noun,2018_Q_3,40,30930,0.002302820955670697,1.8870696490323797,0.0043455835326019114
июль_noun,2018_Q_3,46,30930,0.0026482440990213013,1.550597412411167,0.004106360447375572
время_noun,2018_Q_3,117,30930,0.006735751295336788,0.6061358035703155,0.004082780024048757
врач_noun,2018_Q_4,659,44547,0.023166701820994163,0.5520685823000399,0.012789608230883999
ребенок_noun,2018_Q_4,440,44547,0.015467904098994586,0.6061358035703155,0.00937565048059266
больница_noun,2018_Q_4,425,44547,0.014940589186528862,0.5520685823000399,0.008248229890934294
помощь_noun,2018_Q_4,355,44547,0.012479786261688814,0.6061358035703155,0.007564445274114533
медицинский_adj,2018_Q_4,365,44547,0.012831329536665964,0.5520685823000399,0.007083773906331806
год_noun,2018_Q_4,412,44547,0.014483582929058566,0.4519851237430572,0.0065463640224333675
операция_noun,2018_Q_4,308,44547,0.01082753286929621,0.5520685823000399,0.005977540720959441
центр_noun,2018_Q_4,233,44547,0.008190958306967588,0.5520685823000399,0.004521970740206331
девочка_noun,2018_Q_4,176,44547,0.006187161639597835,0.723918839226699,0.004479002872245624
здравоохранение_noun,2018_Q_4,228,44547,0.008015186669479013,0.5520685823000399,0.004424932741489457
заболевание_noun,2018_Q_4,246,44547,0.008647964564437883,0.5007752879124892,0.004330686944613384
быть_verb,2018_Q_4,260,44547,0.009140125149405891,0.4519851237430572,0.004131200596681251
менингит_noun,2018_Q_4,61,44547,0.002144413977360613,1.8870696490323797,0.004046658531638022
состояние_noun,2018_Q_4,205,44547,0.0072066371370315685,0.5520685823000399,0.003978557947391836
время_noun,2018_Q_4,179,44547,0.0062926246220909796,0.6061358035703155,0.0038141850818774687
операция_noun,2019_Q_1,746,49206,0.0225227945172393,0.5520685823000399,0.01243412723856741
ребенок_noun,2019_Q_1,609,49206,0.01838657085924763,0.6061358035703155,0.011144758902672608
врач_noun,2019_Q_1,548,49206,0.016544894631966667,0.5520685823000399,0.009133916523773378
год_noun,2019_Q_1,561,49206,0.01693738300827245,0.4519851237430572,0.007655445154877577
больница_noun,2019_Q_1,458,49206,0.013827667411388201,0.5520685823000399,0.007633820744321547
катетер_noun,2019_Q_1,90,49206,0.0027172272205784674,2.3978952727983707,0.006515626307344162
медицинский_adj,2019_Q_1,353,49206,0.01065756898737999,0.5520685823000399,0.005883709001627742
помощь_noun,2019_Q_1,318,49206,0.009600869512710586,0.6061358035703155,0.005819430757060574
девочка_noun,2019_Q_1,263,49206,0.007940341766801522,0.723918839226699,0.0057481629948862335
центр_noun,2019_Q_1,312,49206,0.009419721031338688,0.5520685823000399,0.005200332035433019
состояние_noun,2019_Q_1,264,49206,0.007970533180363504,0.5520685823000399,0.004400280953058708
здравоохранение_noun,2019_Q_1,261,49206,0.007879958939677556,0.5520685823000399,0.004350277760410313
провести_verb,2019_Q_1,249,49206,0.00751766197693376,0.5520685823000399,0.004150264989816735
гибридный_adj,2019_Q_1,47,49206,0.0014189964374131997,2.803360380906535,0.003977958393291683
сердце_noun,2019_Q_1,189,49206,0.005706177163214782,0.6632942174102642,0.00378487431587887
врач_noun,2019_Q_2,609,35757,0.028305833139669997,0.5520685823000399,0.0156267611722391
ребенок_noun,2019_Q_2,340,35757,0.015802928189635138,0.6061358035703155,0.009578720576988485
больница_noun,2019_Q_2,338,35757,0.01570996978851964,0.5520685823000399,0.008672980749124494
медицинский_adj,2019_Q_2,296,35757,0.01375784336509412,0.5520685823000399,0.00759527308207352
операция_noun,2019_Q_2,291,35757,0.01352544736230537,0.5520685823000399,0.007466974550281739
год_noun,2019_Q_2,350,35757,0.016267720195212644,0.4519851237430572,0.0073527675254506175
рецепт_noun,2019_Q_2,65,35757,0.0030211480362537764,2.1102132003465894,0.006375266466303896
помощь_noun,2019_Q_2,207,35757,0.009621194515454335,0.6061358035703155,0.005831750468931226
противотуберкулзный_adj,2019_Q_2,33,35757,0.0015338136184057634,3.4965075614664802,0.005362990914636014
состояние_noun,2019_Q_2,209,35757,0.009714152916569836,0.5520685823000399,0.005362878628896507
центр_noun,2019_Q_2,206,35757,0.009574715314896584,0.5520685823000399,0.005285899509821437
девочка_noun,2019_Q_2,152,35757,0.007064838484778062,0.723918839226699,0.005114369675224645
здравоохранение_noun,2019_Q_2,197,35757,0.009156402509876831,0.5520685823000399,0.005054962152596229
область_noun,2019_Q_2,189,35757,0.008784568905414828,0.5520685823000399,0.004849684501729377
время_noun,2019_Q_2,169,35757,0.00785498489425982,0.6061358035703155,0.004761187580914866
кардиоцентр_noun,2019_Q_4,270,16846,0.0195964581216432,2.1102132003465894,0.04135270460833061
реорганизация_noun,2019_Q_4,108,16846,0.00783858324865728,3.4965075614664802,0.027407665600114667
кардиологический_adj,2019_Q_4,108,16846,0.00783858324865728,1.8870696490323797,0.014791952539954785
здравоохранение_noun,2019_Q_4,366,16846,0.026564087676005224,0.5520685823000399,0.014665198223386165
чиновник_noun,2019_Q_4,81,16846,0.00587893743649296,2.3978952727983707,0.014097076288043839
задумать_verb,2019_Q_4,54,16846,0.00391929162432864,3.4965075614664802,0.013703832800057334
журналист_noun,2019_Q_4,109,16846,0.007911162723181884,1.4170660197866443,0.011210639872023821
обозначить_verb,2019_Q_4,54,16846,0.00391929162432864,2.803360380906535,0.010987186860861729
изделие_noun,2019_Q_4,84,16846,0.006096675860066773,1.7047480922384253,0.010393296541444892
статус_noun,2019_Q_4,81,16846,0.00587893743649296,1.7047480922384253,0.010022107379250432
реформа_noun,2019_Q_4,54,16846,0.00391929162432864,2.3978952727983707,0.009398050858695894
медицинский_adj,2019_Q_4,222,16846,0.016112643344462187,0.5520685823000399,0.008895284168283413
операция_noun,2019_Q_4,219,16846,0.015894904920888374,0.5520685823000399,0.008775077625468771
брифинг_noun,2019_Q_4,85,16846,0.006169255334591377,1.4170660197866443,0.008742242102036925
пресс-конференция_noun,2019_Q_4,54,16846,0.00391929162432864,2.1102132003465894,0.008270540921666122
март_noun,2020_Q_1,271,23927,0.017126967073247804,0.8574502318512216,0.014685521887864567
карантина_noun,2020_Q_1,114,23927,0.0072047020160525815,1.8870696490323797,0.013595774504815224
случай_noun,2020_Q_1,500,23927,0.03159957024584466,0.4054651081081644,0.012812523165902938
меркенский_adj,2020_Q_1,70,23927,0.0044239398344182515,2.803360380906535,0.012401897659322342
область_noun,2020_Q_1,348,23927,0.021993300891107882,0.5520685823000399,0.012141810443052133
жамбылский_adj,2020_Q_1,115,23927,0.007267901156544271,1.550597412411167,0.011269588726997674
запрет_noun,2020_Q_1,73,23927,0.00461353725589332,2.3978952727983707,0.011062779176785758
шуский_adj,2020_Q_1,70,23927,0.0044239398344182515,2.3978952727983707,0.010608144416095932
коронавирус_noun,2020_Q_1,241,23927,0.015230992858497125,0.6632942174102642,0.010102629488458173
апрель_noun,2020_Q_1,132,23927,0.00834228654490299,1.1939224684724346,0.009960043344394955
қытай_noun,2020_Q_1,45,23927,0.002843961322126019,3.4965075614664802,0.009943932267331833
коронавирусный_adj,2020_Q_1,109,23927,0.0068887063135941356,1.4170660197866443,0.009761751637283968
противоэпидемический_adj,2020_Q_1,72,23927,0.00455033811540163,2.1102132003465894,0.009602183557160743
ввести_verb,2020_Q_1,119,23927,0.007520697718511028,1.1939224684724346,0.008979129984719694
выход_noun,2020_Q_1,75,23927,0.004739935536876698,1.8870696490323797,0.008944588490010015
область_noun,2020_Q_2,1005,44719,0.03463725659141823,0.5520685823000399,0.019122141141186974
коронавирус_noun,2020_Q_2,562,44719,0.019369291745648803,0.6632942174102642,0.012847539210221214
коронавирусный_adj,2020_Q_2,230,44719,0.00792693434430467,1.4170660197866443,0.011232989300393872
карантина_noun,2020_Q_2,170,44719,0.005859038428399104,1.8870696490323797,0.011056413590746323
человек_noun,2020_Q_2,674,44719,0.02322936412200586,0.4519851237430572,0.010499327017157351
случай_noun,2020_Q_2,751,44719,0.025883163880751337,0.4054651081081644,0.010494719841090176
апрель_noun,2020_Q_2,200,44719,0.006892986386351887,1.1939224684724346,0.008229691321540132
заражение_noun,2020_Q_2,200,44719,0.006892986386351887,1.1939224684724346,0.008229691321540132
карантинный_adj,2020_Q_2,88,44719,0.0030329140099948303,2.3978952727983707,0.007272610167370554
бизнесмен_noun,2020_Q_2,53,44719,0.00182664139238325,3.4965075614664802,0.006386865440555694
богатейший_adj,2020_Q_2,52,44719,0.0017921764604514907,3.4965075614664802,0.00626635854545087
провизорный_adj,2020_Q_2,49,44719,0.0016887816646562123,3.4965075614664802,0.005904837860136396
нашее_noun,2020_Q_2,87,44719,0.002998449078063071,1.8870696490323797,0.005658282249381942
инфекция_noun,2020_Q_2,363,44719,0.012510770291228674,0.4519851237430572,0.0056546820582019566
г_noun,2020_Q_2,115,44719,0.003963467172152335,1.4170660197866443,0.005616494650196936
бізг_noun,2020_Q_3,12,3587,0.015247776365946633,3.4965075614664802,0.05331396535908229
жаңалықтарин_noun,2020_Q_3,12,3587,0.015247776365946633,3.4965075614664802,0.05331396535908229
коронавирус_noun,2020_Q_3,60,3587,0.07623888182973317,0.6632942174102642,0.05056880945948647
қарс_noun,2020_Q_3,33,3587,0.04193138500635324,1.1939224684724346,0.05006282269325329
қазақстать_noun,2020_Q_3,11,3587,0.01397712833545108,3.4965075614664802,0.0488711349124921
вакциный_noun,2020_Q_3,22,3587,0.02795425667090216,1.7047480922384253,0.04765496572966373
коронавирусқ_noun,2020_Q_3,20,3587,0.025412960609911054,1.7047480922384253,0.04332269611787612
соңға_noun,2020_Q_3,16,3587,0.020330368487928845,2.1102132003465894,0.04290141195113778
желісінда_noun,2020_Q_3,12,3587,0.015247776365946633,2.803360380906535,0.042745012161217816
болда_noun,2020_Q_3,17,3587,0.021601016518424398,1.8870696490323797,0.04076262266016577
айтт_noun,2020_Q_3,18,3587,0.022871664548919948,1.7047480922384253,0.038990426506088506
мүмкін_noun,2020_Q_3,17,3587,0.021601016518424398,1.7047480922384253,0.0368242917001947
оть_noun,2020_Q_3,19,3587,0.0241423125794155,1.4170660197866443,0.034211250795357355
деп_noun,2020_Q_3,28,3587,0.035578144853875476,0.8574502318512216,0.030506488553791875
бар_noun,2020_Q_3,16,3587,0.020330368487928845,1.4170660197866443,0.028809474353985145
коронавирусный_adj,2020_Q_4,82,4325,0.05384110308601445,1.4170660197866443,0.0762963976510209
заболевший_noun,2020_Q_4,44,4325,0.028890347997373604,1.7047480922384253,0.04925076563262686
тыйый_adj,2020_Q_4,21,4325,0.013788575180564675,2.803360380906535,0.03865434537034618
пандемия_noun,2020_Q_4,41,4325,0.026920551543007223,1.4170660197866443,0.03814819882551045
салынған_noun,2020_Q_4,12,4325,0.007879185817465528,3.4965075614664802,0.02754963278896767
коронавирус_noun,2020_Q_4,60,4325,0.03939592908732764,0.6632942174102642,0.02613109195312925
выявить_verb,2020_Q_4,110,4325,0.07222586999343401,0.3610133455373305,0.026074502960673904
д_noun,2020_Q_4,11,4325,0.007222586999343401,3.4965075614664802,0.025253830056553697
пневмония_noun,2020_Q_4,57,4325,0.03742613263296126,0.6632942174102642,0.02482453735547279
положительный_adj,2020_Q_4,44,4325,0.028890347997373604,0.8574502318512216,0.024772035588610474
статистика_noun,2020_Q_4,34,4325,0.02232435981615233,1.0986122886681098,0.024525816030673497
жағдай_noun,2020_Q_4,19,4325,0.01247537754432042,1.8870696490323797,0.023541906324107166
сутка_noun,2020_Q_4,54,4325,0.03545633617859488,0.6632942174102642,0.023517982757816327
алғашқа_noun,2020_Q_4,12,4325,0.007879185817465528,2.803360380906535,0.02208819735448353
жұқтырғандар_noun,2020_Q_4,14,4325,0.009192383453709783,2.3978952727983707,0.02204237282940065
минздрав_noun,2020_Q_4,14,4325,0.009192383453709783,2.3978952727983707,0.02204237282940065
вакциный_noun,2021_Q_1,57,5729,0.029336078229541946,1.7047480922384253,0.05001062339556883
коронавирусный_adj,2021_Q_1,63,5729,0.03242408646423057,1.4170660197866443,0.04594707115108522
заболевший_noun,2021_Q_1,50,5729,0.02573340195573855,1.7047480922384253,0.043868967890849854
қарс_noun,2021_Q_1,65,5729,0.033453422542460115,1.1939224684724346,0.03994079282074537
адамдар_noun,2021_Q_1,22,5729,0.011322696860524962,3.4965075614664802,0.03958989518901831
коронавирусқ_noun,2021_Q_1,42,5729,0.02161605764282038,1.7047480922384253,0.036849933028313873
"""вконтакт_noun",2021_Q_1,17,5729,0.008749356664951106,3.4965075614664802,0.03059219173696869
парақшамызғ_noun,2021_Q_1,17,5729,0.008749356664951106,3.4965075614664802,0.03059219173696869
тіркеліңіз_noun,2021_Q_1,17,5729,0.008749356664951106,3.4965075614664802,0.03059219173696869
болада_noun,2021_Q_1,29,5729,0.014925373134328358,1.8870696490323797,0.028165218642274323
ақпанда_noun,2021_Q_1,15,5729,0.007720020586721565,3.4965075614664802,0.026993110356148844
брифингт_noun,2021_Q_1,15,5729,0.007720020586721565,3.4965075614664802,0.026993110356148844
оқисыз_verb,2021_Q_1,15,5729,0.007720020586721565,3.4965075614664802,0.026993110356148844
салынада_noun,2021_Q_1,18,5729,0.009264024704065878,2.803360380906535,0.025970399823117666
бар_noun,2021_Q_1,34,5729,0.017498713329902212,1.4170660197866443,0.024796832049792022
вакциный_noun,2021_Q_2,66,6090,0.044928522804629,1.7047480922384253,0.07659181353828187
кейін_noun,2021_Q_2,31,6090,0.02110279101429544,2.1102132003465894,0.044531388162521626
"""спутник_noun",2021_Q_2,16,6090,0.010891763104152484,3.4965075614664802,0.03808313205137078
кетейік_noun,2021_Q_2,29,6090,0.019741320626276378,1.8870696490323797,0.03725324698566304
салдырғандар_noun,2021_Q_2,15,6090,0.010211027910142955,3.4965075614664802,0.03570293629816011
сонымный_noun,2021_Q_2,15,6090,0.010211027910142955,3.4965075614664802,0.03570293629816011
айтуынша_noun,2021_Q_2,21,6090,0.014295439074200136,2.3978952727983707,0.03427896577860162
бар_noun,2021_Q_2,35,6090,0.023825731790333562,1.4170660197866443,0.033762634916632096
айт_verb,2021_Q_2,20,6090,0.013614703880190605,2.3978952727983707,0.03264663407485869
бұть_verb,2021_Q_2,40,6090,0.02722940776038121,1.1939224684724346,0.0325098017283168
қарс_noun,2021_Q_2,40,6090,0.02722940776038121,1.1939224684724346,0.0325098017283168
коронавирусқ_noun,2021_Q_2,28,6090,0.01906058543226685,1.7047480922384253,0.03249349665260443
жағдай_noun,2021_Q_2,25,6090,0.01701837985023826,1.8870696490323797,0.032114868091088836
дейін_noun,2021_Q_2,19,6090,0.012933968686181076,2.3978952727983707,0.031014302371115757
антиденелер_noun,2021_Q_2,13,6090,0.008849557522123894,3.4965075614664802,0.030942544791738764
жаппай_noun,2021_Q_2,13,6090,0.008849557522123894,3.4965075614664802,0.030942544791738764
компонентін_noun,2021_Q_3,39,7453,0.013983506633201864,3.4965075614664802,0.048893436678807
жатыр_noun,2021_Q_3,98,7453,0.03513804230907135,0.9315582040049435,0.032733131585688226
вакциный_noun,2021_Q_3,53,7453,0.0190032269630692,1.7047480922384253,0.03239571491166602
науқас_noun,2021_Q_3,57,7453,0.020437432771602725,1.550597412411167,0.03169023037197437
облыс_noun,2021_Q_3,25,7453,0.008963786303334529,3.4965075614664802,0.03134194658897885
пный_adj,2021_Q_3,25,7453,0.008963786303334529,3.4965075614664802,0.03134194658897885
қарс_noun,2021_Q_3,71,7453,0.02545715310147006,1.1939224684724346,0.030393867071187828
анықталда_noun,2021_Q_3,35,7453,0.01254930082466834,2.3978952727983707,0.030091909124396906
ад_noun,2021_Q_3,122,7453,0.0437432771602725,0.6632942174102642,0.02901466279098323
жағдайа_noun,2021_Q_3,57,7453,0.020437432771602725,1.4170660197866443,0.028961191512312197
пайыза_noun,2021_Q_3,23,7453,0.008246683399067766,3.4965075614664802,0.028834590861860538
коронавирус_noun,2021_Q_3,120,7453,0.04302617425600574,0.6632942174102642,0.02853901258129498
желдет_noun,2021_Q_3,22,7453,0.007888131946934385,3.4965075614664802,0.027580912998301385
салдырған_noun,2021_Q_3,22,7453,0.007888131946934385,3.4965075614664802,0.027580912998301385
сақтаа_noun,2021_Q_3,22,7453,0.007888131946934385,3.4965075614664802,0.027580912998301385
хабарламада_noun,2021_Q_3,22,7453,0.007888131946934385,3.4965075614664802,0.027580912998301385
балаларғ_noun,2021_Q_4,35,5933,0.02237851662404092,2.803360380906535,0.06273504688729457
вакциный_noun,2021_Q_4,43,5933,0.027493606138107418,1.7047480922384253,0.04686967261269328
ревакцинация_noun,2021_Q_4,25,5933,0.0159846547314578,2.803360380906535,0.04481074777663899
жас_noun,2021_Q_4,16,5933,0.010230179028132993,3.4965075614664802,0.03576989832702282
қазандаға_noun,2021_Q_4,16,5933,0.010230179028132993,3.4965075614664802,0.03576989832702282
қарс_noun,2021_Q_4,45,5933,0.02877237851662404,1.1939224684724346,0.03435198918239102
екпй_noun,2021_Q_4,22,5933,0.014066496163682864,2.3978952727983707,0.03372998465573156
ос_noun,2021_Q_4,24,5933,0.015345268542199489,2.1102132003465894,0.03238178824061263
қать_verb,2021_Q_4,14,5933,0.008951406649616368,3.4965075614664802,0.03129866103614496
алада_noun,2021_Q_4,20,5933,0.01278772378516624,2.3978952727983707,0.030663622414301414
коронавирусқ_noun,2021_Q_4,28,5933,0.017902813299232736,1.7047480922384253,0.030519786817567715
ад_noun,2021_Q_4,70,5933,0.04475703324808184,0.6632942174102642,0.02968708134189162
болуа_noun,2021_Q_4,13,5933,0.008312020460358057,3.4965075614664802,0.02906304239070604
орынбасар_noun,2021_Q_4,13,5933,0.008312020460358057,3.4965075614664802,0.02906304239070604
басқ_noun,2021_Q_4,16,5933,0.010230179028132993,2.803360380906535,0.02867887857704895
вакцинаса_noun,2021_Q_4,16,5933,0.010230179028132993,2.803360380906535,0.02867887857704895
№126_adj,2022_Q_1,19,3629,0.01794145420207743,3.4965075614664802,0.06273243028126829
науқас_noun,2022_Q_1,40,3629,0.03777148253068933,1.550597412411167,0.05856836307502047
актуальный_adj,2022_Q_1,38,3629,0.03588290840415486,1.550597412411167,0.055639944921269446
выпуск_noun,2022_Q_1,37,3629,0.03493862134088763,1.550597412411167,0.05417573584439393
шетелдік_noun,2022_Q_1,16,3629,0.015108593012275733,3.4965075614664802,0.052827309710541726
ұсталда_noun,2022_Q_1,16,3629,0.015108593012275733,3.4965075614664802,0.052827309710541726
жағдайа_noun,2022_Q_1,38,3629,0.03588290840415486,1.4170660197866443,0.050848450190644455
ауыр_noun,2022_Q_1,41,3629,0.03871576959395656,1.2992829841302609,0.0503027406509355
алуғ_noun,2022_Q_1,15,3629,0.014164305949008499,3.4965075614664802,0.04952560285363287
басып_noun,2022_Q_1,15,3629,0.014164305949008499,3.4965075614664802,0.04952560285363287
тәртіпсіздіктер_noun,2022_Q_1,15,3629,0.014164305949008499,3.4965075614664802,0.04952560285363287
қала_verb,2022_Q_1,15,3629,0.014164305949008499,3.4965075614664802,0.04952560285363287
қатысқан_verb,2022_Q_1,15,3629,0.014164305949008499,3.4965075614664802,0.04952560285363287
әкімдігіть_noun,2022_Q_1,15,3629,0.014164305949008499,3.4965075614664802,0.04952560285363287
интересный_adj,2022_Q_1,36,3629,0.0339943342776204,1.4170660197866443,0.048172215970084226
дауд_noun,2022_Q_2,12,1622,0.06315789473684211,3.4965075614664802,0.22083205651367244
жеңіска_noun,2022_Q_2,12,1622,0.06315789473684211,3.4965075614664802,0.22083205651367244
компаниямен_noun,2022_Q_2,12,1622,0.06315789473684211,3.4965075614664802,0.22083205651367244
интересный_adj,2022_Q_2,20,1622,0.10526315789473684,1.4170660197866443,0.1491648441880678
актуальный_adj,2022_Q_2,16,1622,0.08421052631578947,1.550597412411167,0.13057662420304564
выпуск_noun,2022_Q_2,16,1622,0.08421052631578947,1.550597412411167,0.13057662420304564
бойынша_noun,2022_Q_2,20,1622,0.10526315789473684,0.723918839226699,0.07620198307649463
қарс_noun,2022_Q_2,12,1622,0.06315789473684211,1.1939224684724346,0.07540562958773271
турал_noun,2022_Q_2,12,1622,0.06315789473684211,1.0116009116784799,0.06389058389548294
мный_noun,2022_Q_2,16,1622,0.08421052631578947,0.723918839226699,0.060961586461195705
коронавирус_noun,2022_Q_2,15,1622,0.07894736842105263,0.6632942174102642,0.0523653329534419
ад_noun,2022_Q_2,11,1622,0.05789473684210526,0.6632942174102642,0.0384012441658574
мочь_verb,2022_Q_2,16,1622,0.08421052631578947,0.3184537311185346,0.0268171563047187
бас_noun,2022_Q_3,13,1906,0.10483870967741936,1.7047480922384253,0.1787235903153188
актуальный_adj,2022_Q_3,13,1906,0.10483870967741936,1.550597412411167,0.16256263194633203
выпуск_noun,2022_Q_3,13,1906,0.10483870967741936,1.550597412411167,0.16256263194633203
интересный_adj,2022_Q_3,14,1906,0.11290322580645161,1.4170660197866443,0.1599913248146211
ад_noun,2022_Q_3,22,1906,0.1774193548387097,0.6632942174102642,0.11768123212117591
жәна_noun,2022_Q_3,16,1906,0.12903225806451613,0.7884573603642703,0.10173643359538971
бойынша_noun,2022_Q_3,13,1906,0.10483870967741936,0.723918839226699,0.07589471701570231
мочь_verb,2022_Q_3,20,1906,0.16129032258064516,0.3184537311185346,0.05136350501911848
жағдайа_noun,2022_Q_4,52,3184,0.0463871543264942,1.4170660197866443,0.06573366015067394
ауыр_noun,2022_Q_4,55,3184,0.04906333630686887,1.2992829841302609,0.06374715800817515
науқас_noun,2022_Q_4,46,3184,0.04103479036574487,1.550597412411167,0.06362843975995869
адамнан_noun,2022_Q_4,26,3184,0.0231935771632471,2.3978952727983707,0.055615769039034466
өть_verb,2022_Q_4,25,3184,0.02230151650312221,2.3978952727983707,0.0534767009990716
актуальный_adj,2022_Q_4,38,3184,0.03389830508474576,1.550597412411167,0.052562624149531084
выпуск_noun,2022_Q_4,38,3184,0.03389830508474576,1.550597412411167,0.052562624149531084
қабылдауд_noun,2022_Q_4,24,3184,0.021409455842997322,2.3978952727983707,0.05133763295910874
желтоқсандаға_noun,2022_Q_4,15,3184,0.013380909901873328,3.4965075614664802,0.046786452651201786
интересный_adj,2022_Q_4,36,3184,0.032114183764495985,1.4170660197866443,0.0455079185658512
ий_noun,2022_Q_4,24,3184,0.021409455842997322,2.1102132003465894,0.04517851633213037
стационард_noun,2022_Q_4,26,3184,0.0231935771632471,1.8870696490323797,0.04376789551725412
коронавирус_noun,2022_Q_4,72,3184,0.06422836752899197,0.6632942174102642,0.042602304775681554
кви_noun,2022_Q_4,22,3184,0.019625334522747548,2.1102132003465894,0.041413639971119506
инфекциясынан_noun,2022_Q_4,19,3184,0.01694915254237288,2.3978952727983707,0.040642292759294416
науқас_noun,2023_Q_1,43,2403,0.04673913043478261,1.550597412411167,0.07247357471052193
жағдайа_noun,2023_Q_1,42,2403,0.04565217391304348,1.4170660197866443,0.06469214438156419
ауыр_noun,2023_Q_1,44,2403,0.04782608695652174,1.2992829841302609,0.06213962098014291
градусқ_noun,2023_Q_1,16,2403,0.017391304347826087,3.4965075614664802,0.060808827155938786
№137_adj,2023_Q_1,16,2403,0.017391304347826087,3.4965075614664802,0.060808827155938786
актуальный_adj,2023_Q_1,31,2403,0.03369565217391304,1.550597412411167,0.05224839107037628
выпуск_noun,2023_Q_1,31,2403,0.03369565217391304,1.550597412411167,0.05224839107037628
қабылдауд_noun,2023_Q_1,20,2403,0.021739130434782608,2.3978952727983707,0.05212815810431241
ий_noun,2023_Q_1,22,2403,0.02391304347826087,2.1102132003465894,0.05046162000828801
өть_verb,2023_Q_1,19,2403,0.020652173913043477,2.3978952727983707,0.049521750199096784
командасындаға_noun,2023_Q_1,13,2403,0.014130434782608696,3.4965075614664802,0.04940717206420026
кви_noun,2023_Q_1,21,2403,0.02282608695652174,2.1102132003465894,0.048167910007911284
адамнан_noun,2023_Q_1,18,2403,0.01956521739130435,2.3978952727983707,0.04691534229388117
тәулікт_noun,2023_Q_1,18,2403,0.01956521739130435,2.3978952727983707,0.04691534229388117
қаңтардаға_noun,2023_Q_1,12,2403,0.013043478260869565,3.4965075614664802,0.045606620366954086
ауыр_noun,2023_Q_2,14,1087,0.05622489959839357,1.2992829841302609,0.07305205533262511
жағдайа_noun,2023_Q_2,11,1087,0.04417670682730924,1.4170660197866443,0.06260131011105657
коронавирус_noun,2023_Q_2,23,1087,0.09236947791164658,0.6632942174102642,0.061268140564000304
апрель_noun,2023_Q_2,12,1087,0.04819277108433735,1.1939224684724346,0.05753843221553902
находиться_verb,2023_Q_2,24,1087,0.0963855421686747,0.4519851237430572,0.0435648312041501
мный_noun,2023_Q_2,13,1087,0.05220883534136546,0.723918839226699,0.03779495947769914
стационар_noun,2023_Q_2,13,1087,0.05220883534136546,0.6632942174102642,0.03462981857965235
лечение_noun,2023_Q_2,16,1087,0.0642570281124498,0.5007752879124892,0.032178331753412955
получать_verb,2023_Q_2,13,1087,0.05220883534136546,0.6061358035703155,0.03164564436310884
продолжать_verb,2023_Q_2,13,1087,0.05220883534136546,0.6061358035703155,0.03164564436310884
заболеть_verb,2023_Q_2,14,1087,0.05622489959839357,0.5520685823000399,0.03104000061124722
человек_noun,2023_Q_2,17,1087,0.06827309236947791,0.4519851237430572,0.03085842210293965
ад_noun,2023_Q_2,11,1087,0.04417670682730924,0.6632942174102642,0.029302154182782755
сутка_noun,2023_Q_2,11,1087,0.04417670682730924,0.6632942174102642,0.029302154182782755
состояние_noun,2023_Q_2,12,1087,0.04819277108433735,0.5520685823000399,0.026605714809640475
к_noun,2023_Q_3,16,1483,0.16842105263157894,3.4965075614664802,0.5888854840364598
бір_noun,2023_Q_3,17,1483,0.17894736842105263,1.0986122886681098,0.19659377797218808
мный_noun,2023_Q_3,18,1483,0.18947368421052632,0.723918839226699,0.13716356953769035
бойынша_noun,2023_Q_3,17,1483,0.17894736842105263,0.723918839226699,0.12954337123004087
ад_noun,2023_Q_3,15,1483,0.15789473684210525,0.6632942174102642,0.1047306659068838
жәна_noun,2023_Q_3,12,1483,0.12631578947368421,0.7884573603642703,0.09959461394074993
бойынша_noun,2023_Q_4,23,1650,0.25555555555555554,0.723918839226699,0.18500148113571194
жәна_noun,2023_Q_4,16,1650,0.17777777777777778,0.7884573603642703,0.1401701973980925
бір_noun,2023_Q_4,11,1650,0.12222222222222222,1.0986122886681098,0.13427483528165784
миллиард_noun,2023_Q_4,15,1650,0.16666666666666666,0.7884573603642703,0.1314095600607117
деп_noun,2023_Q_4,12,1650,0.13333333333333333,0.8574502318512216,0.11432669758016288
мный_noun,2023_Q_4,13,1650,0.14444444444444443,0.723918839226699,0.10456605455496762
врач_noun,2024_Q_1,300,26328,0.02199897338124221,0.5520685823000399,0.0121449420466387
операция_noun,2024_Q_1,270,26328,0.019799076043117987,0.5520685823000399,0.01093044784197483
ребенок_noun,2024_Q_1,244,26328,0.017892498350076995,0.6061358035703155,0.010845283865304464
год_noun,2024_Q_1,288,26328,0.02111901444599252,0.4519851237430572,0.009545480357703341
медицинский_adj,2024_Q_1,203,26328,0.014885971987973895,0.5520685823000399,0.008218077451558854
больница_noun,2024_Q_1,177,26328,0.012979394294932903,0.5520685823000399,0.007165515807516833
землетрясение_noun,2024_Q_1,25,26328,0.001833247781770184,3.4965075614664802,0.0064099647310011006
заболевание_noun,2024_Q_1,144,26328,0.01055950722299626,0.5007752879124892,0.0052879402698099605
лечение_noun,2024_Q_1,142,26328,0.010412847400454646,0.5007752879124892,0.00521449665495149
помощь_noun,2024_Q_1,114,26328,0.008359609884872039,0.6061358035703155,0.005067058855101266
жизнь_noun,2024_Q_1,111,26328,0.008139620151059616,0.6061358035703155,0.004933715201019653
центр_noun,2024_Q_1,119,26328,0.008726259441226077,0.5520685823000399,0.004817493678500018
время_noun,2024_Q_1,107,26328,0.007846300505976388,0.6061358035703155,0.004755923662244171
рак_noun,2024_Q_1,67,26328,0.004913104055144093,0.9315582040049435,0.004576842389699436
девочка_noun,2024_Q_1,78,26328,0.005719733079122974,0.723918839226699,0.004140622531325256
ребенок_noun,2024_Q_2,780,76750,0.014099018491405022,0.6061358035703155,0.00854591990284052
год_noun,2024_Q_2,888,76750,0.01605119028252264,0.4519851237430572,0.007254899226069353
врач_noun,2024_Q_2,685,76750,0.012381830341810821,0.5520685823000399,0.006835619523083118
операция_noun,2024_Q_2,612,76750,0.01106230681633317,0.5520685823000399,0.006107152041061121
больница_noun,2024_Q_2,597,76750,0.010791171845344612,0.5520685823000399,0.005957466942015505
медицинский_adj,2024_Q_2,583,76750,0.010538112539088625,0.5520685823000399,0.00581776084957293
помощь_noun,2024_Q_2,482,76750,0.008712470401099001,0.6061358035703155,0.005280940247652732
состояние_noun,2024_Q_2,418,76750,0.007555627858214486,0.5520685823000399,0.004171224760071158
заболевание_noun,2024_Q_2,457,76750,0.008260578782784737,0.5007752879124892,0.004136693718272826
лечение_noun,2024_Q_2,399,76750,0.007212190228295646,0.5007752879124892,0.003611686638054393
здравоохранение_noun,2024_Q_2,356,76750,0.006434936644795113,0.5520685823000399,0.003552526350682613
человек_noun,2024_Q_2,391,76750,0.0070675849104350815,0.4519851237430572,0.003194443240307564
рак_noun,2024_Q_2,189,76750,0.003416300634455832,0.9315582040049435,0.003182482883374624
центр_noun,2024_Q_2,317,76750,0.0057299857202248615,0.5520685823000399,0.0031633450931640122
жизнь_noun,2024_Q_2,284,76750,0.0051334887840500335,0.6061358035703155,0.0031115913492393687
ребенок_noun,2024_Q_3,1029,109099,0.01234079297690149,0.6061358035703155,0.00748019646774909
врач_noun,2024_Q_3,1049,109099,0.012580652898707155,0.5520685823000399,0.006945383210198146
больница_noun,2024_Q_3,946,109099,0.011345374301407979,0.5520685823000399,0.006263424706241608
операция_noun,2024_Q_3,938,109099,0.011249430332685712,0.5520685823000399,0.006210457055448867
год_noun,2024_Q_3,1075,109099,0.012892470797054521,0.4519851237430572,0.005827205008560439
медицинский_adj,2024_Q_3,691,109099,0.008287160298385743,0.5520685823000399,0.004575080837222993
состояние_noun,2024_Q_3,643,109099,0.0077114964860521456,0.5520685823000399,0.004257274932466547
магнит_noun,2024_Q_3,126,109099,0.0015111175073756926,2.803360380906535,0.004236206951071255
помощь_noun,2024_Q_3,539,109099,0.006464224892662685,0.6061358035703155,0.003918198149773333
лечение_noun,2024_Q_3,562,109099,0.0067400638027392,0.5007752879124892,0.003375257391365269
отделение_noun,2024_Q_3,453,109099,0.005432827228898323,0.6061358035703155,0.0032930310980469756
провести_verb,2024_Q_3,493,109099,0.005912547072509654,0.5520685823000399,0.003264131480102656
человек_noun,2024_Q_3,587,109099,0.007039888704996282,0.4519851237430572,0.0031819249674650955
жизнь_noun,2024_Q_3,408,109099,0.004893142404835576,0.6061358035703155,0.002965908803538998
область_noun,2024_Q_3,432,109099,0.0051809743110023745,0.5520685823000399,0.002860253142808007
врач_noun,2024_Q_4,1371,126675,0.01372853352025234,0.5520685823000399,0.0075790920375842855
ребенок_noun,2024_Q_4,1161,126675,0.011625694687828569,0.6061358035703155,0.007046749791670118
больница_noun,2024_Q_4,1211,126675,0.012126370600310419,0.5520685823000399,0.006694588225758256
год_noun,2024_Q_4,1369,126675,0.013708506483753066,0.4519851237430572,0.006196040999391632
помощь_noun,2024_Q_4,862,126675,0.008631652731187102,0.6061358035703155,0.005231953764358002
операция_noun,2024_Q_4,920,126675,0.009212436789666049,0.5520685823000399,0.005085896917999666
медицинский_adj,2024_Q_4,901,126675,0.009022179942922946,0.5520685823000399,0.004980862090345326
состояние_noun,2024_Q_4,762,126675,0.0076303009062234015,0.5520685823000399,0.0042124494038214624
человек_noun,2024_Q_4,786,126675,0.00787062534421469,0.4519851237430572,0.003557405570140119
женщина_noun,2024_Q_4,579,126675,0.0057978270665398285,0.5520685823000399,0.003200798169045442
здравоохранение_noun,2024_Q_4,537,126675,0.005377259300055074,0.5520685823000399,0.0029686159184411096
жизнь_noun,2024_Q_4,484,126675,0.004846542832824313,0.6061358035703155,0.002937663134511918
провести_verb,2024_Q_4,527,126675,0.005277124117558704,0.5520685823000399,0.0029133344302019826
центр_noun,2024_Q_4,520,126675,0.0052070294898112456,0.5520685823000399,0.002874637388434594
время_noun,2024_Q_4,459,126675,0.004596204876583388,0.6061358035703155,0.0027859243362416746
год_noun,2025_Q_1,8914,604044,0.01658971080601726,0.4519851237430572,0.007498302491519245
медицинский_adj,2025_Q_1,5366,604044,0.009986581577865,0.5520685823000399,0.005513277933715626
ребенок_noun,2025_Q_1,3843,604044,0.007152149273897726,0.6061358035703155,0.0043351737473888464
2024_adj,2025_Q_1,1317,604044,0.002451048814395864,1.7047480922384253,0.004178420790324603
метапневмовирус_noun,2025_Q_1,791,604044,0.001472118156558184,2.803360380906535,0.004126877716108377
помощь_noun,2025_Q_1,3370,604044,0.006271856115804147,0.6061358035703155,0.0038015965466303443
врач_noun,2025_Q_1,3225,604044,0.006001998805183493,0.5520685823000399,0.0033135149713441844
человек_noun,2025_Q_1,3850,604044,0.00716517686820355,0.4519851237430572,0.003238553353415873
здравоохранение_noun,2025_Q_1,2872,604044,0.005345035835189765,0.5520685823000399,0.002950826355876123
область_noun,2025_Q_1,2609,604044,0.004855570506270925,0.5520685823000399,0.0026806079256548767
взнос_noun,2025_Q_1,556,604044,0.0010347632048626427,2.3978952727983707,0.002481253797405823
больница_noun,2025_Q_1,2377,604044,0.0044237988092778804,0.5520685823000399,0.002442240337018644
система_noun,2025_Q_1,1971,604044,0.0036681983395400516,0.6632942174102642,0.002433094746930849
центр_noun,2025_Q_1,2263,604044,0.004211635130583022,0.5520685823000399,0.002325111435706012
случай_noun,2025_Q_1,2943,604044,0.005477172863148844,0.4054651081081644,0.00222080248708375
год_noun,2025_Q_2,8965,747164,0.013330200897205045,0.4519851237430572,0.006025052502043034
медицинский_adj,2025_Q_2,7090,747164,0.01054223361530215,0.5520685823000399,0.005820035966275681
помощь_noun,2025_Q_2,4647,747164,0.0069096981114681365,0.6061358035703155,0.00418821541722303
ребенок_noun,2025_Q_2,3978,747164,0.005914951385285183,0.6061358035703155,0.0035852638109991853
здравоохранение_noun,2025_Q_2,4078,747164,0.006063642973653338,0.5520685823000399,0.003347546780038396
врач_noun,2025_Q_2,4050,747164,0.006022009328910254,0.5520685823000399,0.0033245621528090984
человек_noun,2025_Q_2,4127,747164,0.006136501851953733,0.4519851237430572,0.002773607548904808
2024_adj,2025_Q_2,1019,747164,0.0015151672854714937,1.7047480922384253,0.0025829785393296023
система_noun,2025_Q_2,2545,747164,0.00378420092396953,0.6632942174102642,0.002510038590387568
область_noun,2025_Q_2,2908,747164,0.00432395138974593,0.5520685823000399,0.002387117713671323
больница_noun,2025_Q_2,2685,747164,0.003992369147684947,0.5520685823000399,0.002204061575380847
центр_noun,2025_Q_2,2607,747164,0.003876389708757786,0.5520685823000399,0.0021400329709563752
время_noun,2025_Q_2,2284,747164,0.003396115878328647,0.6061358035703155,0.0020585074269286424
лечение_noun,2025_Q_2,2690,747164,0.003999803727103354,0.5007752879124892,0.002003002863033629
жизнь_noun,2025_Q_2,2220,747164,0.0033009532617730283,0.6061358035703155,0.0020008259578728487
